Date,Open,High,Low,Close,Volume,Change
2013-12-27,3500,4025,3300,4025,2658130,
2013-12-30,4150,4375,3805,4220,2627175,0.04844720496894417
2014-01-02,4305,4380,3895,3955,1828074,-0.0627962085308057
2014-01-03,3915,3980,3645,3895,1118626,-0.015170670037926715
2014-01-06,3940,4290,3900,4175,1333997,0.07188703465982038
2014-01-07,4190,4300,4090,4095,450658,-0.019161676646706538
2014-01-08,4140,4340,3950,4210,972434,0.028083028083027983
2014-01-09,4200,4335,4135,4335,578814,0.029691211401425166
2014-01-10,4290,4345,4070,4070,428405,-0.06113033448673588
2014-01-13,4130,4130,3920,4005,300691,-0.01597051597051602
2014-01-14,4005,4110,3990,4000,176569,-0.0012484394506866447
2014-01-15,4050,4065,3970,4025,194499,0.006250000000000089
2014-01-16,4035,4175,3965,4020,389072,-0.001242236024844745
2014-01-17,4050,4050,3775,3775,266320,-0.06094527363184077
2014-01-20,3755,3965,3720,3900,254921,0.0331125827814569
2014-01-21,3875,3955,3840,3895,169149,-0.0012820512820512775
2014-01-22,3950,3965,3875,3890,90590,-0.0012836970474967568
2014-01-23,3880,3980,3855,3890,94233,0.0
2014-01-24,3845,3885,3780,3805,91773,-0.02185089974293064
2014-01-27,3665,3780,3655,3700,308674,-0.02759526938239154
2014-01-28,3655,3930,3655,3930,115137,0.06216216216216219
2014-01-29,3950,4110,3920,4075,316600,0.03689567430025442
2014-02-03,4020,4470,4004,4365,586292,0.07116564417177917
2014-02-04,4340,4455,4265,4285,363146,-0.018327605956471982
2014-02-05,4370,4640,4320,4545,529513,0.0606767794632439
2014-02-06,4510,4950,4510,4805,636150,0.057205720572057306
2014-02-07,4950,4970,4740,4780,238069,-0.005202913631633721
2014-02-10,4825,4920,4690,4790,225255,0.0020920502092049986
2014-02-11,4900,5050,4765,4920,317084,0.02713987473903967
2014-02-12,4920,4965,4850,4900,105294,-0.004065040650406471
2014-02-13,4925,5250,4925,5225,336175,0.06632653061224492
2014-02-14,5250,5325,5150,5275,232903,0.009569377990430672
2014-02-17,5300,5325,4935,4935,344513,-0.06445497630331753
2014-02-18,4950,5050,4920,5050,161064,0.023302938196555267
2014-02-19,5050,5600,5050,5500,682038,0.08910891089108919
2014-02-20,5550,6324,5475,6050,816539,0.10000000000000009
2014-02-21,6150,6300,5875,6100,412537,0.008264462809917328
2014-02-24,6149,6500,5975,6175,442236,0.012295081967213184
2014-02-25,6325,6650,6200,6300,466509,0.020242914979757165
2014-02-26,6300,6500,6150,6400,219185,0.015873015873015817
2014-02-27,6475,6725,6349,6475,247099,0.01171875
2014-02-28,6425,6600,6375,6500,202969,0.0038610038610038533
2014-03-03,6424,6475,6175,6450,235128,-0.007692307692307665
2014-03-04,6450,7250,6350,6950,500207,0.07751937984496116
2014-03-05,7025,7550,6950,7150,636986,0.02877697841726623
2014-03-06,7150,7325,7050,7200,155308,0.006993006993007089
2014-03-07,7150,7200,6824,6850,255447,-0.04861111111111116
2014-03-10,6775,7375,6600,7325,450351,0.06934306569343063
2014-03-11,7450,7750,7200,7250,374575,-0.010238907849829393
2014-03-12,7249,7400,6975,7225,173950,-0.0034482758620689724
2014-03-13,7375,7375,7125,7275,109041,0.006920415224913601
2014-03-14,7150,7475,7049,7125,136528,-0.020618556701030966
2014-03-17,7200,7300,6975,6975,85539,-0.021052631578947323
2014-03-18,6975,7100,6700,6800,198802,-0.02508960573476704
2014-03-19,6925,7150,6750,7100,220813,0.044117647058823595
2014-03-20,7150,7525,6975,7400,363092,0.04225352112676051
2014-03-21,7450,7549,7225,7275,181279,-0.016891891891891886
2014-03-24,7275,7400,7000,7275,177329,0.0
2014-03-25,7300,7600,6850,7050,323771,-0.030927835051546393
2014-03-26,7024,7050,6524,6650,272707,-0.05673758865248224
2014-03-27,6675,6850,6450,6700,138080,0.007518796992481258
2014-03-28,6800,6875,6475,6650,143305,-0.007462686567164201
2014-03-31,6675,6700,6100,6250,287680,-0.06015037593984962
2014-04-01,6275,6500,6100,6450,162629,0.03200000000000003
2014-04-02,6400,6450,6224,6450,129675,0.0
2014-04-03,6575,6600,6250,6300,144908,-0.023255813953488413
2014-04-04,6350,6424,6124,6250,106889,-0.007936507936507908
2014-04-07,6225,6325,6075,6125,71840,-0.020000000000000018
2014-04-08,6075,6300,6050,6175,87913,0.008163265306122547
2014-04-09,6225,6225,5825,5950,173849,-0.036437246963562764
2014-04-10,6050,6200,5950,6100,61344,0.025210084033613356
2014-04-11,5925,6325,5900,6150,68927,0.008196721311475308
2014-04-14,6125,6250,6000,6200,52992,0.008130081300812941
2014-04-15,6249,6425,6100,6325,136669,0.02016129032258074
2014-04-16,6324,6324,6024,6250,95599,-0.011857707509881465
2014-04-17,6175,6425,6150,6300,68872,0.008000000000000007
2014-04-18,6425,6800,6300,6725,370392,0.06746031746031744
2014-04-21,6800,7000,6650,6875,279020,0.02230483271375472
2014-04-22,6900,7100,6750,6750,195382,-0.018181818181818188
2014-04-23,6775,7000,6700,6850,155403,0.014814814814814836
2014-04-24,6924,7075,6624,6850,112683,0.0
2014-04-25,6850,6900,6475,6800,139428,-0.007299270072992692
2014-04-28,6675,6800,6550,6700,73235,-0.014705882352941124
2014-04-29,6750,6750,6450,6550,63508,-0.02238805970149249
2014-04-30,6474,6700,6450,6550,99443,0.0
2014-05-02,6625,6825,6600,6775,119976,0.03435114503816794
2014-05-07,6850,6850,6675,6800,53501,0.0036900369003689537
2014-05-08,6800,6850,6625,6700,52791,-0.014705882352941124
2014-05-09,6700,6825,6625,6750,123945,0.00746268656716409
2014-05-12,6825,7125,6775,7100,555419,0.051851851851851816
2014-05-13,7000,7025,6875,6875,160859,-0.03169014084507038
2014-05-14,6900,6925,6650,6800,230929,-0.010909090909090868
2014-05-15,6900,7024,6775,6850,187860,0.007352941176470562
2014-05-16,6850,6875,6200,6300,346571,-0.08029197080291972
2014-05-19,6300,6325,5600,5775,525291,-0.08333333333333337
2014-05-20,5775,5800,5500,5625,226448,-0.025974025974025983
2014-05-21,5600,5800,5525,5700,156284,0.01333333333333342
2014-05-22,5750,5775,5625,5625,108013,-0.013157894736842146
2014-05-23,5700,5925,5625,5875,289974,0.04444444444444451
2014-05-26,5950,5950,5600,5650,135930,-0.03829787234042559
2014-05-27,5850,5925,5625,5700,260766,0.008849557522123908
2014-05-28,5725,5775,5375,5475,256176,-0.03947368421052633
2014-05-29,5525,5550,5350,5400,132741,-0.013698630136986356
2014-05-30,5400,5850,5250,5700,332415,0.05555555555555558
2014-06-02,5775,5875,5625,5650,161432,-0.00877192982456143
2014-06-03,5600,5750,5475,5700,94633,0.008849557522123908
2014-06-05,5700,5750,5450,5500,92203,-0.03508771929824561
2014-06-09,5600,5700,5350,5700,91239,0.036363636363636376
2014-06-10,5750,5850,5650,5700,124921,0.0
2014-06-11,5750,5750,5575,5575,85097,-0.021929824561403466
2014-06-12,5575,5625,5375,5450,119837,-0.022421524663677084
2014-06-13,5475,5625,5400,5525,60841,0.013761467889908285
2014-06-16,5575,5850,5525,5675,192412,0.02714932126696823
2014-06-17,5625,5775,5575,5675,87906,0.0
2014-06-18,5700,5900,5675,5875,199716,0.03524229074889873
2014-06-19,5900,6075,5850,5975,230380,0.017021276595744705
2014-06-20,6024,6024,5850,5850,97188,-0.02092050209205021
2014-06-23,5900,6100,5825,5875,142594,0.004273504273504258
2014-06-24,5849,5925,5725,5825,125234,-0.008510638297872353
2014-06-25,5800,6050,5800,5875,76230,0.008583690987124415
2014-06-26,5925,5975,5800,5800,106612,-0.012765957446808529
2014-06-27,5850,5950,5824,5850,81215,0.008620689655172376
2014-06-30,5950,6025,5800,5800,69901,-0.008547008547008517
2014-07-01,5875,6150,5800,6125,187239,0.056034482758620774
2014-07-02,6175,6200,5950,6125,160379,0.0
2014-07-03,6075,6200,5950,6200,162273,0.012244897959183598
2014-07-04,6250,6275,6125,6175,79637,-0.0040322580645161255
2014-07-07,6175,6250,5975,5975,72530,-0.03238866396761131
2014-07-08,6000,6100,5900,6000,104520,0.004184100418409997
2014-07-09,6000,6000,5750,5925,136789,-0.012499999999999956
2014-07-10,6000,6275,5900,6275,274213,0.05907172995780585
2014-07-11,6250,6475,6150,6400,242962,0.019920318725099584
2014-07-14,6400,6575,6375,6500,157863,0.015625
2014-07-15,6574,6574,6274,6350,147551,-0.023076923076923106
2014-07-16,6375,6375,6175,6250,93090,-0.015748031496062964
2014-07-17,6250,6550,6150,6550,144789,0.04800000000000004
2014-07-18,6449,6800,6449,6725,268959,0.026717557251908497
2014-07-21,6775,6825,6650,6800,107194,0.011152416356877248
2014-07-22,6825,6825,6625,6700,85361,-0.014705882352941124
2014-07-23,6700,6800,6575,6675,84291,-0.003731343283582045
2014-07-24,6625,6700,6500,6525,61956,-0.022471910112359605
2014-07-25,6525,6774,6425,6750,98347,0.034482758620689724
2014-07-28,6800,6800,6525,6525,84631,-0.033333333333333326
2014-07-29,6550,6575,6075,6100,210405,-0.06513409961685823
2014-07-30,6024,6175,5800,5850,129360,-0.040983606557377095
2014-07-31,5875,5975,5525,5825,142554,-0.004273504273504258
2014-08-01,5675,5950,5650,5825,38171,0.0
2014-08-04,5850,6575,5824,6450,262829,0.10729613733905574
2014-08-05,6600,6600,6150,6150,120568,-0.046511627906976716
2014-08-06,6125,6175,6025,6100,35143,-0.008130081300813052
2014-08-07,6150,6200,5900,5925,88662,-0.02868852459016391
2014-08-08,5925,6075,5875,5875,49506,-0.008438818565400852
2014-08-11,5925,6125,5925,6025,20996,0.025531914893617058
2014-08-12,6150,6150,5850,6000,37021,-0.004149377593360981
2014-08-13,5975,6075,5875,6000,37510,0.0
2014-08-14,6000,6125,5925,5975,86313,-0.004166666666666652
2014-08-18,5975,6075,5924,6050,45933,0.012552301255230214
2014-08-19,6050,6425,5874,6350,120228,0.04958677685950419
2014-08-20,6400,6400,6150,6250,36509,-0.015748031496062964
2014-08-21,6200,6250,5925,6000,47279,-0.040000000000000036
2014-08-22,6100,6250,5975,6200,66701,0.03333333333333344
2014-08-25,6200,6300,5950,6150,55919,-0.008064516129032251
2014-08-26,6124,6275,6100,6250,39295,0.016260162601626105
2014-08-27,6325,6325,6025,6100,64677,-0.02400000000000002
2014-08-28,6100,6150,5875,5925,87754,-0.02868852459016391
2014-08-29,5900,5975,5875,5925,20528,0.0
2014-09-01,5925,5950,5750,5825,53551,-0.016877637130801704
2014-09-02,5825,5949,5749,5875,21295,0.008583690987124415
2014-09-03,5900,5975,5825,5900,16215,0.004255319148936065
2014-09-04,5850,5900,5800,5900,46855,0.0
2014-09-05,5850,6000,5825,5975,32985,0.012711864406779627
2014-09-11,6025,6025,5850,5975,33207,0.0
2014-09-12,6025,6049,5875,6025,27037,0.008368200836819994
2014-09-15,6000,6075,5850,5850,28651,-0.02904564315352698
2014-09-16,5800,6000,5800,5950,36581,0.017094017094017033
2014-09-17,5975,6025,5875,5925,20949,-0.004201680672268893
2014-09-18,5850,5975,5850,5900,18140,-0.00421940928270037
2014-09-19,6050,6050,5775,5850,56458,-0.008474576271186418
2014-09-22,5900,5900,5575,5575,94054,-0.047008547008547064
2014-09-23,5575,5675,5475,5650,38848,0.013452914798206317
2014-09-24,5650,5650,5525,5575,28714,-0.013274336283185861
2014-09-25,5575,5650,5350,5375,65607,-0.0358744394618834
2014-09-26,5250,5350,5150,5250,66734,-0.023255813953488413
2014-09-29,5325,5500,5200,5375,52859,0.023809523809523725
2014-09-30,5375,5525,5375,5475,17985,0.018604651162790642
2014-10-01,5475,5475,5250,5250,25352,-0.04109589041095896
2014-10-02,5175,5475,5175,5425,39837,0.03333333333333344
2014-10-06,5500,5725,5400,5675,63083,0.04608294930875578
2014-10-07,5600,5800,5550,5750,52278,0.013215859030837107
2014-10-08,5725,5750,5625,5650,40506,-0.017391304347826098
2014-10-10,5650,5675,5525,5550,41800,-0.017699115044247815
2014-10-13,5425,5575,5300,5400,61842,-0.027027027027026973
2014-10-14,5300,5425,5300,5375,26433,-0.00462962962962965
2014-10-15,5425,5625,5375,5475,28185,0.018604651162790642
2014-10-16,5400,5525,5300,5450,38573,-0.004566210045662156
2014-10-17,5400,5575,5400,5475,31321,0.004587155963302836
2014-10-20,5575,5650,5400,5475,28880,0.0
2014-10-21,5500,5575,5375,5375,41732,-0.0182648401826484
2014-10-22,5400,5500,5325,5375,46559,0.0
2014-10-23,5400,5450,5275,5350,42552,-0.0046511627906976605
2014-10-24,5350,5475,5325,5400,59414,0.009345794392523255
2014-10-27,5500,5500,5325,5325,36723,-0.01388888888888884
2014-10-28,5325,5400,5075,5175,108807,-0.028169014084507005
2014-10-29,5175,5275,5150,5225,64307,0.009661835748792313
2014-10-30,5275,5275,5025,5075,58991,-0.028708133971291905
2014-10-31,5100,5175,5025,5050,27128,-0.0049261083743842304
2014-11-03,5050,5100,4780,4825,108929,-0.044554455445544594
2014-11-04,4825,4910,4625,4695,39651,-0.02694300518134718
2014-11-05,4650,4735,4595,4625,58216,-0.014909478168264156
2014-11-06,4650,4665,4500,4550,81278,-0.01621621621621616
2014-11-07,4555,4660,4510,4635,24649,0.018681318681318615
2014-11-10,4665,4665,4560,4640,28125,0.0010787486515642097
2014-11-11,4640,4675,4590,4610,39180,-0.006465517241379337
2014-11-12,4640,4790,4510,4765,45844,0.033622559652928485
2014-11-13,4715,4860,4625,4630,31425,-0.02833158447009443
2014-11-14,4635,4680,4560,4580,51068,-0.010799136069114423
2014-11-17,4605,4740,4500,4545,51824,-0.007641921397379958
2014-11-18,4620,4620,4515,4515,39861,-0.0066006600660065695
2014-11-19,4535,4565,4400,4430,40591,-0.018826135105204922
2014-11-20,4420,4420,3800,3885,286236,-0.12302483069977421
2014-11-21,3915,4360,3820,4210,231969,0.08365508365508356
2014-11-24,4260,4475,4175,4330,77728,0.028503562945368266
2014-11-25,4435,4780,4360,4655,74935,0.07505773672055427
2014-11-26,4740,4860,4555,4765,77535,0.023630504833512367
2014-11-27,4645,4800,4580,4680,78570,-0.01783840503672618
2014-11-28,4935,4935,4680,4815,49874,0.028846153846153744
2014-12-01,4760,4930,4760,4855,44944,0.008307372793354029
2014-12-02,4780,4880,4705,4870,52688,0.003089598352214118
2014-12-03,4870,4890,4685,4820,49693,-0.010266940451745366
2014-12-04,4790,4890,4705,4725,34705,-0.01970954356846477
2014-12-05,4815,4815,4610,4645,26573,-0.016931216931216908
2014-12-08,4640,4875,4615,4650,51598,0.0010764262648008671
2014-12-09,4720,4790,4590,4625,48436,-0.005376344086021501
2014-12-10,4635,4745,4615,4715,24215,0.019459459459459483
2014-12-11,4715,4780,4655,4710,29037,-0.0010604453870625141
2014-12-12,4745,4745,4595,4650,34351,-0.01273885350318471
2014-12-15,4790,4815,4640,4815,44665,0.03548387096774186
2014-12-16,4810,4830,4745,4780,36435,-0.007268951194184803
2014-12-17,4780,4795,4625,4650,63478,-0.027196652719665315
2014-12-18,4650,4660,4555,4580,52039,-0.01505376344086018
2014-12-19,4650,4725,4500,4640,16981,0.013100436681222627
2014-12-22,4600,4810,4600,4780,20722,0.030172413793103425
2014-12-23,4865,4865,4790,4850,36680,0.014644351464435212
2014-12-24,4880,5075,4815,5075,62756,0.046391752577319645
2014-12-26,5175,5525,5125,5325,172077,0.049261083743842304
2014-12-29,5325,5450,5150,5225,57544,-0.018779342723004744
2014-12-30,5225,5225,4895,5125,149319,-0.019138755980861233
2015-01-02,5125,5175,4990,5000,55227,-0.024390243902439046
2015-01-05,5075,5375,5000,5275,100523,0.05499999999999994
2015-01-06,5250,5275,5075,5175,43935,-0.018957345971563955
2015-01-07,5175,5350,5050,5300,40272,0.024154589371980784
2015-01-08,5300,5375,5225,5350,21946,0.009433962264151052
2015-01-09,5400,5500,5175,5200,64561,-0.028037383177570097
2015-01-12,5175,5275,5175,5225,14436,0.004807692307692291
2015-01-13,5300,5300,5150,5200,21407,-0.004784688995215336
2015-01-14,5325,5325,5175,5300,11516,0.019230769230769162
2015-01-15,5250,5375,5200,5250,23097,-0.009433962264150941
2015-01-16,5225,5275,5050,5125,36450,-0.023809523809523836
2015-01-19,5125,5175,5025,5125,17831,0.0
2015-01-20,5175,5275,5125,5250,15811,0.024390243902439046
2015-01-21,5250,5300,5125,5275,36645,0.004761904761904745
2015-01-22,5325,5325,4995,5150,93370,-0.023696682464455
2015-01-23,5250,5325,5150,5200,31076,0.009708737864077666
2015-01-26,5250,5300,5150,5175,21051,-0.004807692307692291
2015-01-27,5250,5250,5125,5175,13693,0.0
2015-01-28,5200,5200,5075,5100,48899,-0.01449275362318836
2015-01-29,5100,5125,4945,5000,63177,-0.019607843137254943
2015-01-30,4980,5025,4800,4840,62549,-0.03200000000000003
2015-02-02,4805,4810,4670,4675,77773,-0.03409090909090906
2015-02-03,4725,4725,4560,4675,47829,0.0
2015-02-04,4655,4840,4655,4800,19698,0.02673796791443861
2015-02-05,4825,4880,4730,4820,37717,0.004166666666666652
2015-02-06,4825,4965,4820,4940,27861,0.024896265560165887
2015-02-09,4990,5225,4835,5075,74569,0.027327935222672073
2015-02-10,5025,5050,4930,5025,18234,-0.009852216748768461
2015-02-11,4995,5075,4975,4990,9490,-0.006965174129353269
2015-02-12,5050,5125,4955,5025,33617,0.007014028056112176
2015-02-13,5025,5025,4940,4950,18063,-0.014925373134328401
2015-02-16,4930,4985,4805,4805,35994,-0.02929292929292926
2015-02-17,4775,4850,4750,4755,15438,-0.010405827263267442
2015-02-23,4740,4815,4740,4780,5773,0.00525762355415349
2015-02-24,4850,4875,4775,4850,9356,0.014644351464435212
2015-02-25,4850,4870,4830,4845,7753,-0.0010309278350515427
2015-02-26,4920,4920,4790,4815,28053,-0.006191950464396245
2015-02-27,4840,4885,4765,4800,34606,-0.0031152647975077885
2015-03-02,4835,4835,4675,4700,32205,-0.02083333333333337
2015-03-03,4775,4775,4675,4700,18653,0.0
2015-03-04,4740,4750,4680,4730,10692,0.006382978723404209
2015-03-05,4750,4750,4700,4705,10432,-0.005285412262156397
2015-03-06,4725,4725,4570,4600,27088,-0.022316684378320906
2015-03-09,4630,4630,4480,4540,33061,-0.013043478260869601
2015-03-10,4545,4595,4410,4410,18428,-0.028634361233480177
2015-03-11,4400,4400,4260,4280,31767,-0.02947845804988658
2015-03-12,4270,4470,4270,4470,18835,0.04439252336448596
2015-03-13,4425,4485,4380,4410,17870,-0.01342281879194629
2015-03-16,4445,4445,4300,4300,52666,-0.024943310657596363
2015-03-17,4330,4375,4290,4375,25576,0.01744186046511631
2015-03-18,4375,4385,4310,4330,21084,-0.010285714285714231
2015-03-19,4350,4350,4230,4285,31353,-0.010392609699769073
2015-03-20,4285,4295,4220,4290,47692,0.001166861143523823
2015-03-23,4300,4385,4240,4260,13584,-0.006993006993006978
2015-03-24,4235,4325,4175,4290,28903,0.007042253521126751
2015-03-25,4215,4275,4190,4210,39702,-0.018648018648018683
2015-03-26,4190,4190,4075,4145,50502,-0.015439429928741144
2015-03-27,4110,4160,4075,4160,32553,0.003618817852834688
2015-03-30,4135,4205,4115,4175,17123,0.0036057692307691624
2015-03-31,4195,4200,4090,4155,21599,-0.004790419161676662
2015-04-01,4160,4190,4070,4100,31738,-0.013237063778580027
2015-04-02,4105,4170,4085,4150,25724,0.012195121951219523
2015-04-03,4135,4330,4130,4245,44885,0.02289156626506017
2015-04-06,4320,4500,4250,4370,66913,0.029446407538280317
2015-04-07,4400,4415,4255,4325,51121,-0.010297482837528626
2015-04-08,4335,4520,4280,4475,63142,0.034682080924855585
2015-04-09,4475,4600,4450,4460,78651,-0.003351955307262622
2015-04-10,4450,4535,4350,4395,41399,-0.014573991031390121
2015-04-13,4395,4470,4245,4265,44858,-0.029579067121729197
2015-04-14,4285,4285,4190,4220,34805,-0.010550996483001174
2015-04-15,4270,4390,4210,4380,22683,0.03791469194312791
2015-04-16,4400,4585,4360,4550,84351,0.038812785388127935
2015-04-17,4550,4675,4540,4555,50863,0.001098901098901095
2015-04-20,4510,4540,4380,4380,54418,-0.03841931942919863
2015-04-21,4380,5025,4355,5025,335379,0.14726027397260277
2015-04-22,5750,5775,5500,5775,392901,0.14925373134328357
2015-04-23,6075,6150,5550,5900,770305,0.02164502164502169
2015-04-24,5950,6150,5475,5925,417658,0.004237288135593209
2015-04-27,0,0,0,5925,0,0.0
2015-04-28,6250,6350,5800,6100,172659,0.029535864978903037
2015-04-29,6100,6100,5725,5950,134063,-0.024590163934426257
2015-04-30,5950,5950,5675,5700,68152,-0.04201680672268904
2015-05-04,5700,5825,4895,4925,274881,-0.13596491228070173
2015-05-06,4920,5175,4900,4975,172394,0.010152284263959421
2015-05-07,4995,5225,4980,5175,99918,0.04020100502512558
2015-05-08,5175,5950,5075,5950,307296,0.1497584541062802
2015-05-11,6000,6225,5774,5950,417533,0.0
2015-05-12,6100,6750,6000,6300,623358,0.05882352941176472
2015-05-13,6424,6675,6324,6450,224504,0.023809523809523725
2015-05-14,6525,7050,6250,6575,396530,0.019379844961240345
2015-05-15,6600,6975,6500,6725,261691,0.02281368821292773
2015-05-18,6800,6824,6450,6650,161911,-0.01115241635687736
2015-05-19,6675,7000,6550,6800,224122,0.022556390977443552
2015-05-20,6825,6925,6525,6725,158901,-0.011029411764705843
2015-05-21,6650,6800,6275,6775,224746,0.0074349442379182396
2015-05-22,6775,6900,6500,6575,128060,-0.029520295202952074
2015-05-26,6500,6650,6400,6575,80643,0.0
2015-05-27,6674,6674,6474,6550,98877,-0.0038022813688213253
2015-05-28,6700,7325,6674,6750,426229,0.03053435114503822
2015-05-29,6700,7100,6550,7025,147356,0.040740740740740744
2015-06-01,7075,7075,6475,6650,186353,-0.053380782918149516
2015-06-02,6575,6700,6175,6250,136676,-0.06015037593984962
2015-06-03,6275,6575,6050,6450,126641,0.03200000000000003
2015-06-04,6525,6750,6300,6425,166153,-0.003875968992248069
2015-06-05,6500,6574,6350,6550,81274,0.01945525291828787
2015-06-08,6550,6550,6350,6425,89271,-0.01908396946564883
2015-06-09,6475,6475,6275,6400,89651,-0.0038910505836575737
2015-06-10,6475,6475,6200,6250,53581,-0.0234375
2015-06-11,6275,6600,6225,6500,192795,0.040000000000000036
2015-06-12,6425,6525,6300,6350,50269,-0.023076923076923106
2015-06-15,6300,6475,6075,6450,78652,0.015748031496062964
2015-06-16,6450,6550,6250,6500,50282,0.007751937984496138
2015-06-17,6524,7250,6450,6850,280074,0.05384615384615388
2015-06-18,6900,7050,6850,7000,102253,0.021897810218978186
2015-06-19,6950,7200,6900,7025,94544,0.0035714285714285587
2015-06-22,7050,7700,6975,7700,377201,0.09608540925266906
2015-06-23,7700,7825,7450,7700,215444,0.0
2015-06-24,7825,7974,7574,7750,223178,0.006493506493506551
2015-06-25,7750,8225,7650,8100,200522,0.04516129032258065
2015-06-26,8150,8700,7950,8675,181520,0.07098765432098775
2015-06-29,8575,9200,8375,8850,205781,0.020172910662824117
2015-06-30,8850,8875,8250,8825,116096,-0.0028248587570621764
2015-07-01,8825,8900,8425,8425,133332,-0.04532577903682722
2015-07-02,8400,8950,8050,8750,238637,0.03857566765578646
2015-07-03,8750,9600,8625,9100,189667,0.040000000000000036
2015-07-06,9000,9150,8275,8400,188143,-0.07692307692307687
2015-07-07,8400,8625,7300,7875,176725,-0.0625
2015-07-08,7975,8400,7725,8400,85861,0.06666666666666665
2015-07-09,8200,8275,7750,8250,80687,-0.017857142857142905
2015-07-10,8350,8675,8200,8500,64293,0.030303030303030276
2015-07-13,8575,8575,8099,8325,69116,-0.020588235294117685
2015-07-14,8450,8775,8125,8700,90895,0.04504504504504503
2015-07-15,8800,8825,8375,8550,60410,-0.017241379310344862
2015-07-16,8550,8825,8450,8700,81545,0.01754385964912286
2015-07-17,8700,8725,8350,8400,104712,-0.03448275862068961
2015-07-20,8550,9800,8450,9700,339313,0.15476190476190466
2015-07-21,9525,9600,9200,9400,304170,-0.030927835051546393
2015-07-22,9400,9775,9200,9250,111377,-0.015957446808510634
2015-07-23,9425,9500,9200,9325,55056,0.008108108108108025
2015-07-24,9375,10500,9250,9850,270695,0.05630026809651478
2015-07-27,9900,9900,8800,8875,322212,-0.09898477157360408
2015-07-28,8675,9100,8500,9025,122012,0.016901408450704203
2015-07-29,9125,9125,8250,8250,189154,-0.08587257617728528
2015-07-30,8350,8550,7900,8000,73041,-0.030303030303030276
2015-07-31,7850,8475,7750,8300,60593,0.03750000000000009
2015-08-03,8125,8450,7825,7975,55152,-0.03915662650602414
2015-08-04,7825,8425,7825,8325,41043,0.043887147335423204
2015-08-05,8300,8600,8250,8450,41550,0.01501501501501501
2015-08-06,8500,8750,8450,8625,42902,0.020710059171597628
2015-08-07,8675,8700,8200,8400,49887,-0.02608695652173909
2015-08-10,8450,8475,7925,8100,62954,-0.0357142857142857
2015-08-11,8100,8149,7825,7875,47618,-0.02777777777777779
2015-08-12,7750,7825,7025,7550,70965,-0.041269841269841234
2015-08-13,7549,8225,7475,8075,47950,0.06953642384105962
2015-08-17,8175,8324,7925,8100,26437,0.003095975232198178
2015-08-18,8025,8174,7400,7550,63295,-0.0679012345679012
2015-08-19,7300,7350,5875,6325,323081,-0.16225165562913912
2015-08-20,6575,6800,6125,6275,125231,-0.007905138339920903
2015-08-21,5800,6300,5750,6150,88070,-0.019920318725099584
2015-08-24,6149,6349,5975,6075,29081,-0.012195121951219523
2015-08-25,6125,7000,5925,6725,113097,0.10699588477366251
2015-08-26,6900,7000,6650,6975,24914,0.037174721189590976
2015-08-27,7125,7300,6850,6950,55457,-0.0035842293906810374
2015-08-28,7000,7125,6750,6900,41131,-0.007194244604316502
2015-08-31,6800,7100,6775,6850,21422,-0.007246376811594235
2015-09-01,6725,7000,6300,6350,83428,-0.07299270072992703
2015-09-02,6124,6475,6050,6450,65387,0.015748031496062964
2015-09-03,6550,6900,6500,6625,47842,0.027131782945736482
2015-09-04,6775,7000,6600,6775,63744,0.02264150943396226
2015-09-07,6650,6875,6450,6575,31284,-0.029520295202952074
2015-09-08,6649,6875,6275,6625,43116,0.0076045627376426506
2015-09-09,6650,6850,6450,6550,37410,-0.01132075471698113
2015-09-10,6550,7850,6524,7050,329419,0.07633587786259532
2015-09-11,7050,7375,7000,7075,87354,0.0035460992907800915
2015-09-14,7225,7225,6925,7000,39304,-0.010600706713780883
2015-09-15,7125,7600,7025,7600,119745,0.08571428571428563
2015-09-16,7600,7700,7300,7425,50602,-0.023026315789473673
2015-09-17,7425,7425,7000,7025,62502,-0.05387205387205385
2015-09-18,7050,7250,7050,7100,51049,0.01067615658362997
2015-09-21,7125,7125,6800,6875,42300,-0.03169014084507038
2015-09-22,6925,6950,6750,6800,38271,-0.010909090909090868
2015-09-23,6749,6825,6600,6775,55973,-0.003676470588235281
2015-09-24,6775,6800,6550,6600,33149,-0.02583025830258301
2015-09-25,6600,6950,6475,6850,29081,0.037878787878787845
2015-09-30,6850,6875,6575,6650,18564,-0.029197080291970767
2015-10-01,6749,6825,6600,6675,17766,0.003759398496240518
2015-10-02,6675,7050,6600,6650,53083,-0.0037453183520599342
2015-10-05,6700,6900,6625,6700,47815,0.007518796992481258
2015-10-06,6800,7049,6649,6825,136010,0.018656716417910557
2015-10-07,6925,6925,6525,6550,44406,-0.04029304029304026
2015-10-08,6574,6650,6325,6550,39342,0.0
2015-10-12,6500,6600,6400,6425,31410,-0.01908396946564883
2015-10-13,6350,6625,6350,6525,24140,0.015564202334630295
2015-10-14,6525,6574,6225,6350,65638,-0.026819923371647514
2015-10-15,6450,6625,6350,6600,25260,0.03937007874015741
2015-10-16,6750,8575,6650,8575,2565906,0.2992424242424243
2015-10-19,9000,9025,7575,7825,1329574,-0.08746355685131191
2015-10-20,7875,7900,7400,7500,562642,-0.04153354632587858
2015-10-21,7649,7775,7375,7425,487155,-0.010000000000000009
2015-10-22,7325,7350,6950,7000,406236,-0.0572390572390572
2015-10-23,7125,7200,6775,6900,250180,-0.014285714285714235
2015-10-26,6975,7050,6825,6900,145864,0.0
2015-10-27,6975,7175,6900,6925,245465,0.0036231884057971175
2015-10-28,6950,7125,6775,6925,195667,0.0
2015-10-29,6975,7075,6750,6850,174899,-0.010830324909747335
2015-10-30,6850,6850,6500,6575,159087,-0.04014598540145986
2015-11-02,6600,6975,6500,6825,199957,0.03802281368821303
2015-11-03,6825,6975,6649,6725,144546,-0.0146520146520146
2015-11-04,6775,7125,6725,7100,252701,0.055762081784386686
2015-11-05,7100,7449,7025,7025,592962,-0.010563380281690127
2015-11-06,7100,7150,6574,6750,347428,-0.039145907473309594
2015-11-09,6700,6875,6475,6475,154783,-0.040740740740740744
2015-11-10,6400,6650,6250,6550,160255,0.01158301158301156
2015-11-11,6500,6900,6475,6900,132204,0.05343511450381677
2015-11-12,7150,7500,7000,7325,730251,0.061594202898550776
2015-11-13,7450,7475,6825,7000,437914,-0.04436860068259385
2015-11-16,6950,6950,6475,6500,247341,-0.0714285714285714
2015-11-17,6600,6625,6275,6325,164415,-0.02692307692307694
2015-11-18,6374,6625,6100,6350,107397,0.0039525691699604515
2015-11-19,6350,6375,6200,6300,73756,-0.007874015748031482
2015-11-20,6275,6500,6250,6300,57547,0.0
2015-11-23,6349,6400,6125,6175,108193,-0.019841269841269882
2015-11-24,6225,6225,6075,6125,69794,-0.0080971659919028
2015-11-25,6125,6200,6050,6175,44985,0.008163265306122547
2015-11-26,6200,6325,6150,6300,55980,0.020242914979757165
2015-11-27,6325,6400,6050,6075,119590,-0.0357142857142857
2015-11-30,6475,6575,6075,6250,141848,0.028806584362139898
2015-12-01,6200,6349,6050,6075,87492,-0.028000000000000025
2015-12-02,6100,6124,5775,5850,150685,-0.03703703703703709
2015-12-03,5800,5975,5800,5925,54138,0.012820512820512775
2015-12-04,5925,5975,5825,5900,34480,-0.00421940928270037
2015-12-07,5949,6000,5900,5975,38914,0.012711864406779627
2015-12-08,5950,5950,5650,5750,81255,-0.03765690376569042
2015-12-09,5750,5750,5500,5525,68599,-0.03913043478260869
2015-12-10,5450,5625,5125,5250,97274,-0.04977375565610864
2015-12-11,5300,5350,5200,5300,33592,0.00952380952380949
2015-12-14,5150,5250,5000,5000,56272,-0.05660377358490565
2015-12-15,5000,5575,4995,5225,133763,0.04499999999999993
2015-12-16,5325,5650,5275,5600,50146,0.0717703349282297
2015-12-17,5575,5975,5575,5700,71339,0.017857142857142794
2015-12-18,5750,6075,5675,5725,94545,0.004385964912280604
2015-12-21,5749,5925,5725,5875,44806,0.026200873362445476
2015-12-22,5950,5950,5725,5825,41916,-0.008510638297872353
2015-12-23,5850,6050,5725,5950,74818,0.02145922746781115
2015-12-24,5925,5950,5800,5800,26250,-0.025210084033613467
2015-12-28,5875,5875,5650,5700,46394,-0.017241379310344862
2015-12-29,5675,5975,5675,5850,29338,0.026315789473684292
2015-12-30,5849,6049,5800,6025,38794,0.029914529914529808
2016-01-04,6025,6175,5875,5975,44577,-0.008298755186721962
2016-01-05,5825,6225,5825,6025,61857,0.008368200836819994
2016-01-06,6225,6250,6000,6100,53542,0.012448132780082943
2016-01-07,6100,6375,5949,5975,140445,-0.020491803278688492
2016-01-08,5949,6025,5749,5975,41383,0.0
2016-01-11,5874,6000,5750,5950,39275,-0.004184100418409997
2016-01-12,6050,6325,5950,6000,70448,0.008403361344537785
2016-01-13,6075,6175,6000,6075,33776,0.012499999999999956
2016-01-14,5975,6075,5849,6025,34221,-0.008230452674897082
2016-01-15,6125,6125,5825,5925,62568,-0.016597510373444035
2016-01-18,5775,5950,5750,5850,27131,-0.012658227848101222
2016-01-19,5800,5875,5525,5725,34347,-0.021367521367521403
2016-01-20,5750,5975,5350,5375,65765,-0.06113537117903933
2016-01-21,5500,5550,5175,5275,55716,-0.018604651162790753
2016-01-22,5350,5450,5250,5400,37828,0.023696682464454888
2016-01-25,5500,5800,5425,5750,34958,0.06481481481481488
2016-01-26,5900,5900,5725,5900,46401,0.026086956521739202
2016-01-27,6349,7400,5975,5975,874805,0.012711864406779627
2016-01-28,5900,6125,5825,5950,112219,-0.004184100418409997
2016-01-29,6000,6050,5700,5750,117469,-0.03361344537815125
2016-02-01,5750,5800,5550,5575,73347,-0.0304347826086957
2016-02-02,5575,5825,5550,5725,39530,0.026905829596412634
2016-02-03,5675,5675,5450,5550,57259,-0.03056768558951961
2016-02-04,5525,5675,5400,5625,70908,0.013513513513513598
2016-02-05,5625,5750,5525,5675,31406,0.008888888888888946
2016-02-11,5375,5500,5325,5375,40191,-0.052863436123347984
2016-02-12,5275,5375,5000,5050,94698,-0.06046511627906981
2016-02-15,5050,5150,5025,5150,37414,0.01980198019801982
2016-02-16,5075,5250,5075,5200,34940,0.009708737864077666
2016-02-17,5175,5225,5050,5075,26435,-0.024038461538461564
2016-02-18,5125,5200,5075,5150,20392,0.014778325123152802
2016-02-19,5100,5225,5075,5225,18661,0.014563106796116498
2016-02-22,5200,5800,5175,5350,150026,0.02392344497607657
2016-02-23,5525,5525,5175,5275,60385,-0.014018691588784993
2016-02-24,5250,5350,5225,5225,26021,-0.009478672985781977
2016-02-25,5225,5300,5125,5175,44681,-0.009569377990430672
2016-02-26,5175,5450,5175,5225,85856,0.009661835748792313
2016-02-29,5250,5375,5250,5325,26025,0.019138755980861344
2016-03-02,5325,5425,5325,5350,45014,0.0046948356807512415
2016-03-03,5300,5375,5275,5350,40487,0.0
2016-03-04,5400,5475,5250,5400,42880,0.009345794392523255
2016-03-07,5400,5500,5350,5425,26028,0.004629629629629539
2016-03-08,5425,5525,5325,5400,37257,-0.004608294930875556
2016-03-09,5450,5450,5350,5400,30204,0.0
2016-03-10,5400,5575,5325,5425,48079,0.004629629629629539
2016-03-11,5375,5450,5350,5425,28293,0.0
2016-03-14,5425,5450,5225,5275,75901,-0.027649769585253448
2016-03-15,5225,5300,5175,5250,35003,-0.004739336492891044
2016-03-16,5250,6225,5200,5200,727573,-0.00952380952380949
2016-03-17,5225,5300,5150,5225,101790,0.004807692307692291
2016-03-18,5250,5400,5250,5350,86764,0.02392344497607657
2016-03-21,5350,5475,5350,5400,48640,0.009345794392523255
2016-03-22,5375,5475,5350,5400,33322,0.0
2016-03-23,5400,5475,5325,5375,53086,-0.00462962962962965
2016-03-24,5375,5650,5275,5500,73733,0.023255813953488413
2016-03-25,5450,5625,5400,5525,43081,0.00454545454545463
2016-03-28,5600,5625,5450,5625,54829,0.018099547511312153
2016-03-29,5650,5750,5600,5650,52596,0.004444444444444473
2016-03-30,5725,5725,5500,5500,57641,-0.026548672566371723
2016-03-31,5500,5525,5375,5425,67071,-0.013636363636363669
2016-04-01,5400,5700,5400,5625,63655,0.03686635944700467
2016-04-04,5750,6025,5725,5825,182514,0.03555555555555556
2016-04-05,5750,6175,5725,6000,130781,0.030042918454935563
2016-04-06,6050,6325,5975,6275,183195,0.04583333333333339
2016-04-07,6274,6350,6074,6350,108228,0.01195219123505975
2016-04-08,6249,6449,6200,6425,71443,0.011811023622047223
2016-04-11,6400,6400,6225,6350,56397,-0.011673151750972721
2016-04-12,6375,6550,6350,6500,124277,0.023622047244094446
2016-04-14,6500,6875,6450,6450,214824,-0.007692307692307665
2016-04-15,6450,6550,6000,6150,222670,-0.046511627906976716
2016-04-18,6075,6150,5750,6125,210104,-0.004065040650406471
2016-04-19,6175,6225,6025,6100,27969,-0.004081632653061273
2016-04-20,6075,6175,5924,6050,51820,-0.008196721311475419
2016-04-21,6000,6124,6000,6050,32322,0.0
2016-04-22,6025,6300,6025,6175,40440,0.02066115702479343
2016-04-25,6249,6275,6100,6125,37578,-0.0080971659919028
2016-04-26,6100,6225,5975,6000,63373,-0.020408163265306145
2016-04-27,6000,6000,5824,5850,63779,-0.025000000000000022
2016-04-28,5900,5975,5824,5850,28006,0.0
2016-04-29,5800,5875,5750,5850,20660,0.0
2016-05-02,5850,5900,5700,5850,39204,0.0
2016-05-03,5800,5975,5725,5850,33075,0.0
2016-05-04,5825,5850,5650,5650,47678,-0.03418803418803418
2016-05-09,5600,5650,5450,5525,35142,-0.02212389380530977
2016-05-10,5475,5675,5425,5475,47268,-0.009049773755656076
2016-05-11,5525,5600,5450,5525,25737,0.009132420091324311
2016-05-12,5475,5675,5475,5500,39863,-0.004524886877828038
2016-05-13,5500,6025,5500,5725,219909,0.040909090909091006
2016-05-16,5775,5775,5600,5650,42874,-0.013100436681222738
2016-05-17,5650,5825,5625,5800,43626,0.026548672566371723
2016-05-18,5900,6000,5625,5725,78543,-0.012931034482758674
2016-05-19,5750,5750,5550,5700,33877,-0.004366812227074246
2016-05-20,5650,5700,5475,5600,47083,-0.01754385964912286
2016-05-23,5525,5550,5400,5400,77393,-0.0357142857142857
2016-05-24,5425,5550,5375,5450,39944,0.0092592592592593
2016-05-25,5500,5600,5400,5500,49082,0.00917431192660545
2016-05-26,5500,5575,5425,5525,30206,0.00454545454545463
2016-05-27,5525,5550,5325,5400,94542,-0.022624434389140302
2016-05-30,5350,5425,5275,5350,25181,-0.0092592592592593
2016-05-31,5325,5475,5325,5350,38675,0.0
2016-06-01,5350,5450,5275,5350,33384,0.0
2016-06-02,5350,5425,5275,5325,34765,-0.004672897196261627
2016-06-03,5350,5475,5225,5450,94911,0.023474178403755763
2016-06-07,5450,5550,5300,5300,57252,-0.02752293577981646
2016-06-08,5325,5425,5325,5375,34381,0.014150943396226356
2016-06-09,5450,6000,5450,5700,539695,0.0604651162790697
2016-06-10,5775,5850,5650,5800,145014,0.01754385964912286
2016-06-13,5750,5900,5550,5600,86083,-0.03448275862068961
2016-06-14,5600,5700,5450,5700,64968,0.017857142857142794
2016-06-15,5750,5875,5525,5600,86288,-0.01754385964912286
2016-06-16,5575,5600,5325,5325,85676,-0.049107142857142905
2016-06-17,5350,5475,5300,5375,55336,0.009389671361502261
2016-06-20,5400,5575,5375,5525,38019,0.027906976744185963
2016-06-21,5525,5525,5425,5475,43226,-0.009049773755656076
2016-06-22,5425,5550,5400,5500,20656,0.004566210045662045
2016-06-23,5500,5500,5300,5400,54510,-0.018181818181818188
2016-06-24,5400,5425,4975,5050,172413,-0.06481481481481477
2016-06-27,4910,5050,4900,4900,83449,-0.02970297029702973
2016-06-28,4900,5200,4895,5175,74064,0.05612244897959173
2016-06-29,5175,6000,5150,5700,526736,0.10144927536231885
2016-06-30,5875,6025,5650,6000,294356,0.05263157894736836
2016-07-01,6000,6200,5900,5975,296748,-0.004166666666666652
2016-07-04,5800,5950,5725,5725,208555,-0.04184100418410042
2016-07-05,5750,6025,5600,6000,196861,0.048034934497816595
2016-07-06,5975,6100,5800,5900,135418,-0.01666666666666672
2016-07-07,5950,6074,5900,5950,61498,0.008474576271186418
2016-07-08,6000,6025,5775,5775,61351,-0.02941176470588236
2016-07-11,5725,5925,5725,5925,48036,0.025974025974025983
2016-07-12,5924,5950,5725,5850,51351,-0.012658227848101222
2016-07-13,5875,5900,5750,5825,30956,-0.004273504273504258
2016-07-14,5824,5900,5725,5850,57965,0.0042918454935623185
2016-07-15,5800,5875,5625,5650,105977,-0.03418803418803418
2016-07-18,5650,5800,5600,5600,75024,-0.008849557522123908
2016-07-19,5600,5700,5475,5575,73767,-0.004464285714285698
2016-07-20,5550,5675,5550,5600,26416,0.004484304932735439
2016-07-21,5600,5650,5500,5500,42445,-0.017857142857142905
2016-07-22,5500,5550,5450,5525,32505,0.00454545454545463
2016-07-25,5525,5625,5475,5500,31976,-0.004524886877828038
2016-07-26,5500,5800,5500,5750,77314,0.045454545454545414
2016-07-27,5725,5850,5600,5650,49490,-0.017391304347826098
2016-07-28,5600,5925,5600,5900,111908,0.04424778761061954
2016-07-29,5900,6049,5800,5825,70536,-0.012711864406779627
2016-08-01,5900,5925,5725,5800,114452,-0.0042918454935622075
2016-08-02,6200,6349,5875,5875,303368,0.012931034482758674
2016-08-03,5950,5950,5725,5825,45019,-0.008510638297872353
2016-08-04,5775,5900,5625,5675,84222,-0.025751072961373356
2016-08-05,5600,5700,5350,5400,144942,-0.048458149779735726
2016-08-08,5225,5475,5125,5450,139830,0.0092592592592593
2016-08-09,5350,5500,5225,5275,130631,-0.032110091743119296
2016-08-10,5275,5400,5225,5375,75338,0.018957345971563955
2016-08-11,5225,5275,5000,5150,235275,-0.041860465116279055
2016-08-12,5200,5200,4930,4950,205039,-0.03883495145631066
2016-08-16,4935,4985,4475,4515,383050,-0.08787878787878789
2016-08-17,4410,4440,4225,4280,292724,-0.05204872646733116
2016-08-18,4280,4365,4255,4290,149236,0.002336448598130758
2016-08-19,4300,4435,4255,4420,118964,0.030303030303030276
2016-08-22,4420,4475,4340,4475,116262,0.012443438914027105
2016-08-23,4420,4450,4345,4440,96531,-0.007821229050279377
2016-08-24,4440,4595,4355,4500,169167,0.013513513513513598
2016-08-25,4490,4490,4340,4360,114392,-0.03111111111111109
2016-08-26,4300,4360,4225,4230,116498,-0.029816513761467878
2016-08-29,4230,4350,3930,4075,126901,-0.03664302600472813
2016-08-30,4050,4175,3960,4040,133413,-0.008588957055214674
2016-08-31,4005,4175,4000,4065,150666,0.006188118811881083
2016-09-01,4065,4175,4065,4175,52363,0.027060270602706105
2016-09-02,4190,4200,4095,4105,58706,-0.016766467065868262
2016-09-05,4150,4200,4110,4140,56695,0.008526187576126665
2016-09-06,4105,4135,4045,4070,71308,-0.016908212560386437
2016-09-07,4055,4150,4050,4055,61398,-0.0036855036855036882
2016-09-08,4055,4090,4010,4070,39372,0.0036991368680641123
2016-09-09,4020,4065,3965,4040,56389,-0.0073710073710073765
2016-09-12,3970,4005,3965,3985,36381,-0.013613861386138626
2016-09-13,4000,4050,3985,4045,19633,0.015056461731492998
2016-09-19,4025,4280,4020,4250,198415,0.050679851668726794
2016-09-20,4250,4250,4095,4160,73787,-0.02117647058823524
2016-09-21,4200,4230,4155,4225,48123,0.015625
2016-09-22,4230,4275,4225,4245,32436,0.004733727810650956
2016-09-23,4260,4275,4200,4250,47906,0.0011778563015312216
2016-09-26,4225,4365,4175,4245,64708,-0.0011764705882353343
2016-09-27,4265,4275,4200,4235,32512,-0.002355712603062443
2016-09-28,4205,4250,4160,4195,33270,-0.009445100354191216
2016-09-29,4185,4275,4175,4270,36171,0.017878426698450633
2016-09-30,4270,4375,4195,4215,97450,-0.012880562060889944
2016-10-04,4205,4300,4200,4250,33191,0.008303677342823335
2016-10-05,4250,4370,4250,4270,59923,0.004705882352941115
2016-10-06,4270,4485,4230,4425,155792,0.03629976580796246
2016-10-07,4425,4580,4405,4550,165057,0.02824858757062154
2016-10-10,4565,4565,4385,4540,86323,-0.00219780219780219
2016-10-11,4505,4540,4455,4495,49168,-0.009911894273127775
2016-10-12,4425,4520,4375,4470,44296,-0.005561735261401579
2016-10-13,4500,4500,4415,4490,41600,0.004474272930648837
2016-10-14,4440,4510,4405,4510,39117,0.00445434298440972
2016-10-17,4455,4540,4410,4475,41224,-0.0077605321507761005
2016-10-18,4405,4470,4380,4425,20507,-0.011173184357541888
2016-10-19,4375,4465,4295,4375,45889,-0.011299435028248594
2016-10-20,4380,4425,4260,4310,20891,-0.014857142857142902
2016-10-21,4255,4330,4110,4250,53622,-0.0139211136890951
2016-10-24,4275,4275,4180,4200,12271,-0.0117647058823529
2016-10-25,4200,4305,4050,4265,74637,0.015476190476190421
2016-10-26,4225,4255,4030,4175,41651,-0.021101992966002348
2016-10-27,4175,4210,4025,4065,128275,-0.026347305389221587
2016-10-28,4065,4125,4010,4010,40698,-0.013530135301353052
2016-10-31,3950,3990,3625,3625,160303,-0.0960099750623441
2016-11-01,3550,3800,3550,3660,65816,0.009655172413793212
2016-11-02,3595,3630,3400,3435,99661,-0.061475409836065587
2016-11-03,3305,3590,3305,3555,24046,0.03493449781659397
2016-11-04,3500,3640,3500,3550,31529,-0.0014064697609000865
2016-11-07,3515,3585,3510,3585,29298,0.009859154929577452
2016-11-08,3595,3765,3595,3700,40813,0.03207810320781035
2016-11-09,3730,3730,3100,3300,168451,-0.10810810810810811
2016-11-10,3360,3570,3360,3535,61828,0.07121212121212128
2016-11-11,3510,3575,3490,3560,33234,0.007072135785006983
2016-11-14,3540,3765,3525,3710,73344,0.042134831460674205
2016-11-15,3675,3820,3675,3790,24948,0.02156334231805923
2016-11-16,3745,3875,3745,3875,48088,0.02242744063324542
2016-11-17,4285,4550,3780,3840,783930,-0.00903225806451613
2016-11-18,3805,3820,3580,3605,136881,-0.06119791666666663
2016-11-21,3550,3555,3365,3375,171754,-0.06380027739251037
2016-11-22,3515,3650,3410,3590,129038,0.0637037037037036
2016-11-23,3510,3585,3425,3515,64312,-0.02089136490250698
2016-11-24,3515,3590,3415,3420,54699,-0.027027027027026973
2016-11-25,3330,3515,3330,3495,46102,0.021929824561403466
2016-11-28,3460,3560,3460,3485,43120,-0.0028612303290415086
2016-11-29,3485,3570,3480,3510,53968,0.007173601147776099
2016-11-30,3550,3585,3480,3520,42757,0.002849002849002913
2016-12-01,3500,3520,3425,3480,29224,-0.011363636363636354
2016-12-02,3480,3480,3350,3390,29383,-0.025862068965517238
2016-12-05,3355,3600,3255,3305,44761,-0.02507374631268433
2016-12-06,3275,3340,3245,3275,44747,-0.009077155824508298
2016-12-07,3285,3400,3135,3270,43103,-0.0015267175572518665
2016-12-08,3270,3350,3220,3300,48584,0.00917431192660545
2016-12-09,3300,3320,3260,3315,47994,0.00454545454545463
2016-12-12,3350,3505,3295,3500,69628,0.05580693815987936
2016-12-13,3465,3625,3380,3615,62044,0.03285714285714292
2016-12-14,3550,3685,3475,3525,48617,-0.024896265560165998
2016-12-15,3535,3575,3480,3575,65192,0.014184397163120588
2016-12-16,3610,3610,3500,3560,30209,-0.004195804195804231
2016-12-19,3615,3615,3405,3490,61851,-0.0196629213483146
2016-12-20,3490,3510,3375,3440,89401,-0.014326647564469885
2016-12-21,3440,3505,3405,3485,36444,0.013081395348837122
2016-12-22,3455,3505,3420,3420,19866,-0.0186513629842181
2016-12-23,3420,3500,3410,3495,13791,0.021929824561403466
2016-12-26,3500,3500,3410,3490,43345,-0.0014306151645206988
2016-12-27,3465,3495,3420,3440,43835,-0.014326647564469885
2016-12-28,3425,3480,3375,3440,43678,0.0
2016-12-29,3440,3495,3410,3490,17720,0.014534883720930258
2017-01-02,3490,3510,3425,3470,16091,-0.005730659025787954
2017-01-03,3490,3490,3400,3470,24821,0.0
2017-01-04,3465,3580,3465,3555,62412,0.02449567723342949
2017-01-05,3575,3595,3510,3540,41914,-0.00421940928270037
2017-01-06,3580,3580,3500,3540,56011,0.0
2017-01-09,3570,3590,3515,3545,38272,0.0014124293785311437
2017-01-10,3565,3850,3535,3745,388024,0.056417489421720646
2017-01-11,3725,3745,3655,3700,101155,-0.012016021361815787
2017-01-12,3700,3965,3655,3815,316932,0.031081081081081097
2017-01-13,3850,3975,3825,3850,209065,0.00917431192660545
2017-01-16,3900,3900,3715,3750,81305,-0.025974025974025983
2017-01-17,3750,3770,3635,3665,78423,-0.022666666666666613
2017-01-18,3640,3705,3615,3665,41925,0.0
2017-01-19,3655,3705,3620,3630,66900,-0.009549795361528002
2017-01-20,3605,3680,3570,3635,70427,0.0013774104683195176
2017-01-23,3635,3660,3540,3560,60100,-0.02063273727647863
2017-01-24,3515,3575,3425,3465,68366,-0.026685393258427004
2017-01-25,3430,3470,3365,3465,88315,0.0
2017-01-26,3465,3550,3450,3500,35082,0.010101010101010166
2017-01-31,3500,3525,3425,3475,26489,-0.0071428571428571175
2017-02-01,3425,3540,3425,3540,46388,0.018705035971223083
2017-02-02,3560,3560,3410,3460,84663,-0.02259887005649719
2017-02-03,3460,3500,3355,3355,64278,-0.030346820809248554
2017-02-06,3355,3395,3330,3370,39203,0.0044709388971684305
2017-02-07,3330,3400,3330,3360,17590,-0.0029673590504450953
2017-02-08,3350,3395,3280,3355,57501,-0.0014880952380952328
2017-02-09,3370,3425,3310,3355,44765,0.0
2017-02-10,3355,3390,3300,3345,47418,-0.0029806259314456574
2017-02-13,3390,3390,3300,3365,33562,0.005979073243647326
2017-02-14,3325,3375,3315,3375,21292,0.002971768202080227
2017-02-15,3375,3450,3350,3445,30445,0.020740740740740726
2017-02-16,3450,3485,3400,3475,18193,0.00870827285921627
2017-02-17,3490,3500,3425,3500,34150,0.007194244604316502
2017-02-20,3490,3545,3445,3500,27691,0.0
2017-02-21,3475,3520,3460,3515,28973,0.004285714285714226
2017-02-22,3485,3540,3460,3500,28554,-0.004267425320056861
2017-02-23,3515,3515,3405,3450,53233,-0.014285714285714235
2017-02-24,3450,3475,3425,3455,37733,0.0014492753623187582
2017-02-27,3455,3475,3425,3450,18132,-0.0014471780028944004
2017-02-28,3495,3495,3400,3415,34346,-0.010144927536231862
2017-03-02,3415,3455,3330,3330,32439,-0.024890190336749662
2017-03-03,3265,3420,3200,3230,72977,-0.03003003003003002
2017-03-06,3205,3260,3170,3255,23824,0.007739938080495445
2017-03-07,3255,3445,3235,3295,23137,0.01228878648233489
2017-03-08,3295,3295,3255,3290,7378,-0.0015174506828528056
2017-03-09,3290,3310,3250,3310,32030,0.006079027355623046
2017-03-10,3265,3340,3230,3340,24148,0.009063444108761365
2017-03-13,3340,3410,3340,3400,33036,0.017964071856287456
2017-03-14,3400,3405,3370,3395,14357,-0.0014705882352941124
2017-03-15,3395,3430,3340,3390,16839,-0.0014727540500736325
2017-03-16,3405,3435,3360,3435,41165,0.01327433628318575
2017-03-17,3435,3575,3400,3430,111253,-0.0014556040756914523
2017-03-20,3430,3430,3335,3375,35915,-0.01603498542274051
2017-03-21,3365,3385,3325,3365,54327,-0.002962962962962945
2017-03-22,3300,3370,3275,3330,30702,-0.010401188707280795
2017-03-23,3330,3330,3260,3290,50950,-0.012012012012011963
2017-03-24,3290,3435,3250,3335,112315,0.013677811550151908
2017-03-27,3325,3330,3275,3295,25686,-0.01199400299850073
2017-03-28,3305,3315,3250,3280,46743,-0.004552352048558417
2017-03-29,3280,3295,3200,3250,65540,-0.009146341463414642
2017-03-30,3245,3290,3185,3220,21177,-0.009230769230769265
2017-03-31,3220,3290,3205,3290,57065,0.021739130434782705
2017-04-03,3290,3325,3245,3280,75286,-0.003039513677811523
2017-04-04,3300,3895,3275,3455,3211354,0.05335365853658547
2017-04-05,3485,3555,3435,3475,432004,0.005788712011577379
2017-04-06,3515,3515,3375,3410,212915,-0.018705035971222972
2017-04-07,3435,3480,3380,3385,118142,-0.007331378299120228
2017-04-10,3425,3435,3260,3280,144162,-0.03101920236336775
2017-04-11,3280,3325,3205,3295,94167,0.004573170731707377
2017-04-12,3275,3295,3215,3250,83858,-0.01365705614567525
2017-04-13,3265,3265,3210,3245,52952,-0.0015384615384614886
2017-04-14,3225,3245,3200,3240,65267,-0.0015408320493066618
2017-04-17,3220,3310,3220,3295,34376,0.016975308641975273
2017-04-18,3285,3390,3275,3375,61396,0.02427921092564489
2017-04-19,3375,3390,3335,3375,38088,0.0
2017-04-20,3360,3390,3340,3370,33736,-0.001481481481481528
2017-04-21,3365,3450,3360,3370,80386,0.0
2017-04-24,3390,3390,3320,3370,46216,0.0
2017-04-25,3370,3385,3330,3365,48915,-0.0014836795252225476
2017-04-26,3350,3390,3350,3380,32879,0.004457652303120341
2017-04-27,3400,3415,3365,3390,36087,0.002958579881656709
2017-04-28,3420,3420,3350,3350,45740,-0.01179941002949858
2017-05-02,3350,3400,3305,3340,27374,-0.0029850746268657025
2017-05-04,3340,3345,3305,3345,18948,0.0014970059880239361
2017-05-08,3370,3435,3325,3415,73094,0.020926756352765308
2017-05-10,3415,3415,3350,3375,30914,-0.01171303074670571
2017-05-11,3400,3400,3335,3350,35406,-0.007407407407407418
2017-05-12,3350,3350,3275,3325,66052,-0.007462686567164201
2017-05-15,3300,3340,3255,3255,54130,-0.021052631578947323
2017-05-16,3290,3290,3155,3195,155605,-0.018433179723502335
2017-05-17,3195,3505,3165,3335,802009,0.04381846635367759
2017-05-18,3295,3295,3225,3240,141952,-0.028485757121439303
2017-05-19,3305,3335,3270,3300,66880,0.0185185185185186
2017-05-22,3355,3365,3280,3315,53560,0.00454545454545463
2017-05-23,3315,3425,3310,3400,86664,0.02564102564102555
2017-05-24,3425,3425,3355,3385,20498,-0.004411764705882337
2017-05-25,3375,3375,3310,3315,47737,-0.020679468242245203
2017-05-26,3315,3360,3300,3360,33536,0.013574660633484115
2017-05-29,3360,3725,3355,3635,825697,0.08184523809523814
2017-05-30,3630,3765,3565,3750,546344,0.031636863823933936
2017-05-31,3750,3890,3680,3810,340362,0.016000000000000014
2017-06-01,3810,3865,3730,3775,153090,-0.009186351706036766
2017-06-02,3735,3875,3730,3800,117991,0.0066225165562914245
2017-06-05,3800,3800,3760,3785,50180,-0.003947368421052588
2017-06-07,3810,4020,3735,4005,368756,0.05812417437252315
2017-06-08,4020,4065,3930,3975,249964,-0.0074906367041198685
2017-06-09,3975,3990,3875,3880,165706,-0.023899371069182385
2017-06-12,3880,4015,3835,3980,133598,0.025773195876288568
2017-06-13,3985,4105,3950,4050,219709,0.017587939698492372
2017-06-14,4030,4080,3940,3960,123258,-0.022222222222222254
2017-06-15,3940,3995,3815,3890,123828,-0.017676767676767624
2017-06-16,3915,3915,3810,3820,94171,-0.01799485861182515
2017-06-19,3820,4180,3795,4075,335688,0.06675392670157065
2017-06-20,4100,4100,4000,4055,139224,-0.004907975460122671
2017-06-21,4015,4065,3950,3960,78189,-0.023427866831072786
2017-06-22,3960,4095,3895,4085,62220,0.031565656565656575
2017-06-23,4075,4100,3925,4005,125106,-0.019583843329253336
2017-06-26,3970,4000,3940,3945,40353,-0.014981273408239737
2017-06-27,4025,4055,3885,3940,88985,-0.0012674271229404788
2017-06-28,3935,3935,3810,3870,72888,-0.017766497461928932
2017-06-29,3860,3900,3740,3775,87488,-0.02454780361757103
2017-06-30,3815,3895,3790,3850,39403,0.019867549668874274
2017-07-03,3850,3885,3800,3865,27583,0.003896103896103842
2017-07-04,3865,3870,3755,3820,81103,-0.011642949547218673
2017-07-05,3825,3850,3755,3820,58372,0.0
2017-07-06,3800,3805,3715,3780,90116,-0.010471204188481686
2017-07-07,3805,3805,3735,3790,22430,0.002645502645502562
2017-07-10,3790,3805,3720,3735,33863,-0.014511873350923521
2017-07-11,3740,3785,3695,3735,39128,0.0
2017-07-12,3735,3815,3670,3715,39151,-0.0053547523427041055
2017-07-13,3745,3745,3590,3645,68225,-0.018842530282637937
2017-07-14,3585,3625,3460,3480,119945,-0.04526748971193417
2017-07-17,3480,3540,3440,3460,69946,-0.005747126436781658
2017-07-18,3460,3495,3425,3465,40830,0.0014450867052022698
2017-07-19,3465,3515,3425,3500,81937,0.010101010101010166
2017-07-20,3500,3600,3465,3595,58616,0.027142857142857135
2017-07-21,3605,3700,3550,3630,170614,0.009735744089012455
2017-07-24,3670,3950,3630,3630,807979,0.0
2017-07-25,3650,3700,3540,3550,116182,-0.02203856749311295
2017-07-26,3550,3590,3485,3520,83728,-0.008450704225352101
2017-07-27,3500,3560,3485,3525,40289,0.0014204545454545858
2017-07-28,3500,3565,3440,3480,52461,-0.012765957446808529
2017-07-31,3480,3480,3390,3395,58718,-0.02442528735632188
2017-08-01,3395,3460,3380,3450,86882,0.016200294550809957
2017-08-02,3450,3470,3360,3430,39270,-0.005797101449275366
2017-08-03,3425,3450,3280,3335,82924,-0.0276967930029155
2017-08-04,3335,3395,3290,3395,37484,0.01799100449775115
2017-08-07,3375,3410,3330,3395,29471,0.0
2017-08-08,3395,3410,3340,3400,44887,0.0014727540500736325
2017-08-09,3375,3420,3315,3345,66867,-0.016176470588235348
2017-08-10,3345,3350,3245,3305,59187,-0.01195814648729443
2017-08-11,3270,3275,3170,3210,67890,-0.02874432677760963
2017-08-14,3210,3270,3170,3195,38327,-0.004672897196261627
2017-08-16,3200,3245,3185,3205,49357,0.003129890453834161
2017-08-17,3190,3225,3160,3200,43556,-0.0015600624024960652
2017-08-18,3190,3190,3010,3020,152313,-0.05625000000000002
2017-08-21,3010,3055,2985,3015,41231,-0.0016556291390728006
2017-08-22,3005,3140,3005,3100,48305,0.028192371475953548
2017-08-23,3100,3165,3055,3105,29300,0.001612903225806539
2017-08-24,3090,3140,3065,3115,31189,0.0032206119162641045
2017-08-25,3105,3125,3020,3080,45035,-0.011235955056179803
2017-08-28,3060,3110,3020,3055,35824,-0.008116883116883078
2017-08-29,3025,3070,2940,2985,109282,-0.022913256955810146
2017-08-30,2985,3015,2940,2980,42353,-0.0016750418760469454
2017-08-31,2980,3000,2925,2960,54415,-0.006711409395973145
2017-09-01,2960,2975,2890,2905,108830,-0.01858108108108103
2017-09-04,2885,2885,2825,2865,91028,-0.013769363166953541
2017-09-05,2870,3090,2815,2855,294549,-0.003490401396160525
2017-09-06,2870,2965,2855,2920,104073,0.022767075306479923
2017-09-07,2915,2945,2870,2925,62129,0.001712328767123239
2017-09-08,2925,2945,2865,2895,39683,-0.01025641025641022
2017-09-11,2925,2935,2845,2875,93541,-0.006908462867012077
2017-09-12,2875,2960,2790,2950,87851,0.026086956521739202
2017-09-13,2945,2950,2800,2850,126995,-0.03389830508474578
2017-09-14,2835,2865,2800,2835,30728,-0.0052631578947368585
2017-09-15,2800,2860,2780,2855,70900,0.007054673721340388
2017-09-18,2810,2865,2810,2835,24637,-0.007005253940455369
2017-09-19,2835,2865,2820,2840,33618,0.0017636684303350414
2017-09-20,2840,2860,2775,2840,31210,0.0
2017-09-21,2840,2840,2760,2765,24477,-0.026408450704225372
2017-09-22,2755,2800,2650,2680,70437,-0.030741410488245968
2017-09-25,2685,2700,2525,2525,80518,-0.057835820895522416
2017-09-26,2462,2620,2462,2615,75019,0.035643564356435675
2017-09-27,2585,2695,2585,2665,24851,0.019120458891013437
2017-09-28,2695,2845,2665,2840,47312,0.06566604127579745
2017-09-29,2790,2970,2735,2900,53973,0.021126760563380254
2017-10-10,2900,2920,2855,2900,23051,0.0
2017-10-11,2865,2955,2865,2940,56228,0.01379310344827589
2017-10-12,2940,2970,2905,2955,34606,0.005102040816326481
2017-10-13,2980,2980,2915,2970,32143,0.0050761421319796
2017-10-16,2975,2975,2835,2915,28868,-0.01851851851851849
2017-10-17,2915,2915,2760,2800,31977,-0.03945111492281306
2017-10-18,2750,2790,2725,2760,17498,-0.014285714285714235
2017-10-19,2700,2765,2665,2745,38249,-0.005434782608695676
2017-10-20,2750,2895,2740,2850,23851,0.03825136612021862
2017-10-23,2850,2875,2820,2840,8238,-0.0035087719298245723
2017-10-24,2840,2850,2810,2840,8526,0.0
2017-10-25,2840,2875,2800,2855,50379,0.005281690140845008
2017-10-26,2885,2885,2810,2850,10949,-0.0017513134851138146
2017-10-27,2850,2865,2780,2810,32287,-0.01403508771929829
2017-10-30,2820,2915,2790,2860,28326,0.017793594306049876
2017-10-31,2825,2945,2825,2925,49427,0.022727272727272707
2017-11-01,2925,2995,2900,2910,24345,-0.00512820512820511
2017-11-02,2900,2940,2900,2920,7387,0.0034364261168384758
2017-11-03,2920,2950,2875,2900,13399,-0.006849315068493178
2017-11-06,2850,2925,2835,2905,14296,0.0017241379310344307
2017-11-07,2905,2965,2875,2900,16979,-0.0017211703958691649
2017-11-08,2900,2920,2845,2900,16979,0.0
2017-11-09,2900,3070,2895,2895,96934,-0.0017241379310344307
2017-11-10,2895,2955,2895,2895,16263,0.0
2017-11-13,2900,3020,2895,2995,40869,0.0345423143350605
2017-11-14,2995,3000,2925,2960,42734,-0.011686143572620988
2017-11-15,2965,2990,2860,2880,51032,-0.027027027027026973
2017-11-16,2880,2955,2880,2940,19213,0.02083333333333326
2017-11-17,2945,3065,2920,2990,69515,0.017006802721088343
2017-11-20,3000,3035,2980,2990,30761,0.0
2017-11-21,3000,3020,2940,2960,33340,-0.010033444816053505
2017-11-22,2960,2985,2885,2885,26453,-0.02533783783783783
2017-11-23,2885,2920,2850,2880,28873,-0.0017331022530329143
2017-11-24,2915,3025,2880,3015,71491,0.046875
2017-11-27,3090,3190,2920,2940,263620,-0.02487562189054726
2017-11-28,2970,3065,2850,2900,182988,-0.013605442176870763
2017-11-29,2900,2900,2870,2900,27957,0.0
2017-11-30,2875,2900,2845,2850,46281,-0.017241379310344862
2017-12-01,2850,2880,2815,2860,23538,0.0035087719298245723
2017-12-04,2830,2890,2830,2835,24178,-0.00874125874125875
2017-12-05,2835,2865,2800,2825,28213,-0.003527336860670194
2017-12-06,2825,2925,2765,2830,52450,0.001769911504424737
2017-12-07,2830,2860,2765,2790,25350,-0.014134275618374548
2017-12-08,2790,2805,2685,2730,51040,-0.021505376344086002
2017-12-11,2730,2770,2670,2715,13469,-0.005494505494505475
2017-12-12,2715,2745,2665,2690,18389,-0.009208103130755041
2017-12-13,2675,2725,2650,2695,24523,0.0018587360594795044
2017-12-14,2695,2735,2685,2725,8917,0.011131725417439675
2017-12-15,2725,2750,2650,2675,43723,-0.01834862385321101
2017-12-18,2665,2725,2650,2705,13858,0.01121495327102795
2017-12-19,2730,2730,2625,2670,31904,-0.012939001848428888
2017-12-20,2670,2705,2595,2625,26700,-0.016853932584269704
2017-12-21,2575,2650,2575,2615,16545,-0.003809523809523818
2017-12-22,2615,2685,2550,2645,34340,0.011472275334607929
2017-12-26,2645,2670,2590,2640,32141,-0.001890359168241984
2017-12-27,2665,2765,2600,2760,40384,0.045454545454545414
2017-12-28,2765,2810,2700,2700,21218,-0.021739130434782594
2018-01-02,2680,2850,2680,2835,25067,0.050000000000000044
2018-01-03,2835,2900,2800,2860,34493,0.008818342151675429
2018-01-04,2860,2915,2825,2895,65243,0.012237762237762295
2018-01-05,2910,2920,2865,2905,62813,0.003454231433505983
2018-01-08,2925,2995,2890,2910,39704,0.001721170395869276
2018-01-09,2910,2945,2865,2930,32703,0.0068728522336769515
2018-01-10,2930,2975,2905,2970,77184,0.013651877133105783
2018-01-11,2975,3175,2975,3165,145004,0.06565656565656575
2018-01-12,3170,3310,3170,3240,159681,0.023696682464454888
2018-01-15,3310,3310,3215,3220,64650,-0.006172839506172867
2018-01-16,3270,3270,3165,3250,56744,0.009316770186335477
2018-01-17,3250,3275,3215,3275,32554,0.007692307692307665
2018-01-18,3275,3320,3210,3260,35165,-0.004580152671755711
2018-01-19,3260,3295,3220,3260,13616,0.0
2018-01-22,3275,3290,3205,3270,18547,0.0030674846625766694
2018-01-23,3270,3300,3225,3270,39800,0.0
2018-01-24,3310,3500,3270,3390,128544,0.03669724770642202
2018-01-25,3360,3450,3275,3350,75079,-0.01179941002949858
2018-01-26,3305,3465,3300,3430,77531,0.023880597014925398
2018-01-29,3475,3510,3405,3470,75299,0.011661807580174877
2018-01-30,3470,3505,3395,3435,49294,-0.010086455331412059
2018-01-31,3430,3430,3255,3360,67187,-0.02183406113537123
2018-02-01,3360,3505,3360,3465,65326,0.03125
2018-02-02,3465,3470,3315,3425,65788,-0.011544011544011523
2018-02-05,3325,3355,3160,3160,92718,-0.07737226277372267
2018-02-06,2965,3050,2925,3025,102539,-0.04272151898734178
2018-02-07,3025,3105,2950,2950,47737,-0.024793388429752095
2018-02-08,2965,3080,2950,3080,40208,0.04406779661016946
2018-02-09,3005,3045,2930,3040,32579,-0.012987012987012991
2018-02-12,3040,3050,2995,3035,13293,-0.00164473684210531
2018-02-13,3035,3095,3010,3030,12762,-0.0016474464579900872
2018-02-14,3055,3195,3025,3095,80374,0.021452145214521545
2018-02-19,3100,3160,3050,3145,44540,0.016155088852988664
2018-02-20,3190,3190,3090,3165,17192,0.006359300476947549
2018-02-21,3165,3235,3030,3235,56355,0.02211690363349139
2018-02-22,3330,4100,3330,3735,3624023,0.15455950540958274
2018-02-23,3835,3975,3685,3890,839483,0.041499330655957234
2018-02-26,4040,4210,3955,4155,978307,0.06812339331619532
2018-02-27,4155,4370,3985,4115,729005,-0.009626955475330878
2018-02-28,4040,4345,4015,4220,458425,0.025516403402187082
2018-03-02,4195,4300,4100,4180,258765,-0.009478672985781977
2018-03-05,4160,4170,3850,3870,384106,-0.07416267942583732
2018-03-06,3880,3975,3825,3870,178307,0.0
2018-03-07,3950,4000,3805,3985,150902,0.029715762273901714
2018-03-08,3950,4095,3950,3985,121022,0.0
2018-03-09,3995,4374,3995,4075,677957,0.02258469259723972
2018-03-12,4020,4110,3875,3875,264076,-0.049079754601227044
2018-03-13,3905,4065,3815,3855,218509,-0.005161290322580614
2018-03-14,3855,3915,3770,3840,117415,-0.0038910505836575737
2018-03-15,3910,4030,3775,4010,248799,0.04427083333333326
2018-03-16,4015,4040,3870,3895,170967,-0.028678304239401542
2018-03-19,3895,3920,3785,3800,127374,-0.024390243902439046
2018-03-20,3750,3970,3745,3950,144530,0.03947368421052633
2018-03-21,3900,4645,3850,4645,1730378,0.17594936708860764
2018-03-22,4600,4695,4385,4415,613124,-0.049515608180839665
2018-03-23,4225,4390,4125,4300,417954,-0.02604756511891282
2018-03-26,4295,4515,4255,4450,515099,0.03488372093023262
2018-03-27,4520,4555,4400,4415,219910,-0.00786516853932584
2018-03-28,4525,4710,4415,4650,595825,0.053227633069082625
2018-03-29,4700,4770,4530,4645,177608,-0.0010752688172043223
2018-03-30,4650,4775,4565,4710,165523,0.013993541442411273
2018-04-02,4745,4970,4650,4935,387429,0.047770700636942776
2018-04-03,4915,5725,4845,5725,1232488,0.16008105369807502
2018-04-04,5725,5950,5525,5650,628121,-0.013100436681222738
2018-04-05,5650,6450,5600,6000,1310064,0.06194690265486735
2018-04-06,6025,6150,5874,5950,280356,-0.008333333333333304
2018-04-09,5950,6050,5600,5750,544467,-0.03361344537815125
2018-04-10,5775,6675,5725,6475,1039970,0.12608695652173907
2018-04-11,6425,6474,6225,6350,356693,-0.019305019305019266
2018-04-12,6325,6575,6125,6225,268025,-0.019685039370078705
2018-04-13,6275,6475,6200,6300,234251,0.012048192771084265
2018-04-16,6325,6350,6100,6325,110969,0.003968253968253954
2018-04-17,6425,6425,5875,6225,267551,-0.015810276679841917
2018-04-18,6375,6375,6150,6250,170082,0.004016064257028162
2018-04-19,6250,6250,5800,5900,308395,-0.05600000000000005
2018-04-20,5975,6225,5850,6000,214564,0.016949152542372836
2018-04-23,5925,6250,5775,6200,328510,0.03333333333333344
2018-04-24,6175,6300,5900,5900,156709,-0.048387096774193505
2018-04-25,5800,6000,5550,5625,214350,-0.04661016949152541
2018-04-26,5625,5750,5525,5650,112575,0.004444444444444473
2018-04-27,5650,6025,5625,5975,158148,0.05752212389380529
2018-04-30,5875,5900,5325,5475,248570,-0.08368200836820083
2018-05-02,5300,5875,5225,5625,328677,0.027397260273972712
2018-05-03,5650,6000,5650,5925,147114,0.05333333333333323
2018-05-04,5825,5900,5625,5750,102291,-0.029535864978902926
2018-05-08,5750,5850,5575,5700,126912,-0.008695652173912993
2018-05-09,5700,5875,5450,5800,113589,0.01754385964912286
2018-05-10,5824,6375,5650,6250,434688,0.07758620689655182
2018-05-11,6200,6525,6125,6400,235045,0.02400000000000002
2018-05-14,6350,6550,6175,6250,153606,-0.0234375
2018-05-15,6225,6825,5700,5750,695772,-0.07999999999999996
2018-05-16,5750,5800,5200,5425,340675,-0.05652173913043479
2018-05-17,5500,5550,5350,5450,115369,0.004608294930875667
2018-05-18,5500,5550,5250,5500,143324,0.00917431192660545
2018-05-21,5425,5550,5300,5450,119145,-0.009090909090909038
2018-05-23,5450,5550,5325,5525,136491,0.013761467889908285
2018-05-24,5500,5625,4955,5050,566402,-0.08597285067873306
2018-05-25,5050,5150,4955,5075,152781,0.004950495049504955
2018-05-28,5100,5125,4980,5100,116863,0.0049261083743843415
2018-05-29,5075,5100,4900,5000,91418,-0.019607843137254943
2018-05-30,5025,5025,4800,4955,75524,-0.009000000000000008
2018-05-31,4955,5150,4905,5000,74839,0.00908173562058523
2018-06-01,5000,5050,4895,4920,42452,-0.016000000000000014
2018-06-04,4970,5025,4750,4875,77321,-0.009146341463414642
2018-06-05,4850,4900,4635,4765,95084,-0.022564102564102573
2018-06-07,4835,4905,4740,4895,87761,0.02728226652675758
2018-06-08,4900,4950,4520,4590,267372,-0.06230847803881512
2018-06-11,4605,4775,4560,4615,102784,0.005446623093681824
2018-06-12,4620,4775,4620,4725,43698,0.02383531960996743
2018-06-14,4695,4700,4535,4640,64783,-0.017989417989418
2018-06-15,4600,4900,4600,4885,110688,0.05280172413793105
2018-06-18,4945,4945,4455,4730,125049,-0.03172978505629476
2018-06-19,4730,4850,4660,4790,62938,0.012684989429175397
2018-06-20,4805,4870,4720,4790,52219,0.0
2018-06-21,4765,4765,4480,4500,89292,-0.06054279749478075
2018-06-22,4475,4475,4150,4250,162837,-0.05555555555555558
2018-06-25,4250,4600,4170,4530,95525,0.0658823529411765
2018-06-26,4515,4515,4255,4335,50990,-0.04304635761589404
2018-06-27,4425,4425,4330,4360,17400,0.005767012687427853
2018-06-28,4255,4485,4255,4395,26827,0.008027522935779796
2018-06-29,4355,4475,4240,4415,35899,0.004550625711035261
2018-07-02,4435,4450,4150,4280,65234,-0.0305775764439411
2018-07-03,4290,4340,4120,4200,51532,-0.01869158878504673
2018-07-04,4160,4250,4125,4240,24935,0.00952380952380949
2018-07-05,4180,4320,4110,4285,99719,0.010613207547169878
2018-07-06,4325,4375,4210,4370,34125,0.019836639439906545
2018-07-09,4400,4510,4305,4490,67122,0.027459954233409523
2018-07-10,4485,4485,4325,4390,51142,-0.022271714922049046
2018-07-11,4385,4385,4125,4170,136160,-0.05011389521640086
2018-07-12,4170,4300,4165,4280,48920,0.026378896882494063
2018-07-13,4280,4345,4140,4200,98300,-0.01869158878504673
2018-07-16,4200,4220,4075,4125,34746,-0.017857142857142905
2018-07-17,4160,4185,4055,4130,28706,0.00121212121212122
2018-07-18,4170,4170,3805,3885,212311,-0.05932203389830504
2018-07-19,3880,4055,3875,3990,235567,0.027027027027026973
2018-07-20,3970,4110,3945,4020,217421,0.007518796992481258
2018-07-23,4020,4020,3600,3630,138284,-0.09701492537313428
2018-07-24,3670,3850,3560,3780,79551,0.04132231404958686
2018-07-25,3800,3840,3725,3820,34156,0.010582010582010692
2018-07-26,3785,4085,3780,4085,81880,0.06937172774869116
2018-07-27,4100,4120,3985,4075,62531,-0.002447980416156681
2018-07-30,4070,4070,3980,4035,6450,-0.009815950920245453
2018-07-31,4035,4095,4000,4075,30205,0.00991325898389106
2018-08-01,4100,4114,3990,4095,26585,0.004907975460122671
2018-08-02,4100,4460,4095,4285,218866,0.046398046398046455
2018-08-03,4285,4395,4175,4395,62090,0.025670945157526326
2018-08-06,4395,4400,4215,4300,54602,-0.021615472127417545
2018-08-07,4190,4290,4000,4175,98040,-0.029069767441860517
2018-08-08,4140,4200,4105,4200,59382,0.0059880239520957446
2018-08-09,4175,4290,4145,4255,41537,0.013095238095238049
2018-08-10,4250,4305,4115,4205,37910,-0.011750881316098694
2018-08-13,4150,4200,3930,3970,72523,-0.05588585017835912
2018-08-14,3850,4020,3830,3890,73178,-0.02015113350125941
2018-08-16,3805,3875,3740,3850,54366,-0.010282776349614386
2018-08-17,3870,4255,3870,4165,153945,0.08181818181818179
2018-08-20,4170,4240,4130,4210,39130,0.010804321728691502
2018-08-21,4245,4445,4215,4380,62548,0.040380047505938155
2018-08-22,4415,4450,4375,4440,31635,0.013698630136986356
2018-08-23,4470,4510,4400,4480,45334,0.009009009009008917
2018-08-24,4465,5000,4465,4755,459918,0.0613839285714286
2018-08-27,4755,4810,4615,4725,172686,-0.006309148264984188
2018-08-28,4705,4905,4680,4755,79019,0.006349206349206327
2018-08-29,4755,5050,4710,4970,165937,0.045215562565720235
2018-08-30,5075,5175,4940,4995,106248,0.005030181086519203
2018-08-31,4950,5000,4825,4850,140012,-0.02902902902902904
2018-09-03,4850,4890,4805,4820,32684,-0.006185567010309256
2018-09-04,4880,4880,4660,4740,93678,-0.016597510373444035
2018-09-05,4790,4885,4750,4800,68087,0.012658227848101333
2018-09-06,4775,4825,4680,4805,84664,0.0010416666666666075
2018-09-07,4805,4840,4710,4780,43403,-0.005202913631633721
2018-09-10,4820,4975,4800,4945,69466,0.03451882845188292
2018-09-11,5000,5025,4880,4920,47797,-0.005055611729019249
2018-09-12,4995,4995,4690,4845,96344,-0.015243902439024404
2018-09-13,4905,4905,4710,4780,45560,-0.013415892672858587
2018-09-14,4820,4860,4780,4820,19544,0.008368200836819994
2018-09-17,4855,4875,4660,4700,30895,-0.024896265560165998
2018-09-18,4700,4735,4460,4530,68396,-0.036170212765957444
2018-09-19,4550,4655,4515,4595,66402,0.014348785871964642
2018-09-20,4605,4605,4325,4450,197622,-0.031556039173014194
2018-09-21,4380,4500,4265,4330,149933,-0.026966292134831482
2018-09-27,4390,4400,4325,4375,42688,0.010392609699769073
2018-09-28,4375,4375,4230,4250,29905,-0.02857142857142858
2018-10-01,4300,4300,4170,4175,34373,-0.01764705882352946
2018-10-02,4155,4265,4075,4225,65714,0.011976047904191711
2018-10-04,4250,4255,4065,4065,48987,-0.037869822485207094
2018-10-05,4055,4140,4000,4010,31223,-0.013530135301353052
2018-10-08,3970,4090,3970,3985,55560,-0.006234413965087282
2018-10-10,4100,4100,3785,3860,58184,-0.031367628607277265
2018-10-11,3850,3850,3560,3630,67980,-0.059585492227979264
2018-10-12,3520,3715,3520,3710,28508,0.02203856749311295
2018-10-15,3725,4095,3720,4015,90591,0.08221024258760101
2018-10-16,4015,4225,3890,4100,147945,0.021170610211706187
2018-10-17,4100,4175,3915,3945,62194,-0.03780487804878052
2018-10-18,3945,3970,3795,3815,35532,-0.03295310519645123
2018-10-19,3715,3890,3680,3815,33886,0.0
2018-10-22,3815,3815,3670,3800,14286,-0.003931847968545177
2018-10-23,3805,3875,3665,3695,29431,-0.02763157894736845
2018-10-24,3655,3730,3550,3650,94109,-0.012178619756427644
2018-10-25,3505,3605,3350,3505,188194,-0.03972602739726028
2018-10-26,3465,3575,3425,3510,75528,0.0014265335235377208
2018-10-29,3575,3575,3300,3300,89434,-0.05982905982905984
2018-10-30,3175,3685,3175,3575,189985,0.08333333333333326
2018-10-31,3500,3825,3475,3765,72082,0.05314685314685308
2018-11-01,3740,3965,3575,3640,64915,-0.033200531208499307
2018-11-02,3655,3740,3640,3655,67714,0.004120879120879106
2018-11-05,3655,3720,3610,3650,19029,-0.001367989056087593
2018-11-06,3650,3930,3615,3830,70716,0.049315068493150704
2018-11-07,3850,3950,3670,3750,47389,-0.02088772845953002
2018-11-08,3750,3835,3710,3775,33844,0.006666666666666599
2018-11-09,3775,3835,3700,3720,16694,-0.014569536423841067
2018-11-12,3765,3765,3505,3670,41211,-0.013440860215053752
2018-11-13,3670,3670,3545,3635,24230,-0.009536784741144388
2018-11-14,3600,3700,3485,3515,32184,-0.03301237964236592
2018-11-15,3525,3650,3385,3615,62317,0.028449502133712556
2018-11-16,3625,3670,3610,3635,19760,0.0055325034578146415
2018-11-19,3635,3640,3550,3585,23295,-0.01375515818431916
2018-11-20,3595,3595,3505,3545,19187,-0.01115760111576014
2018-11-21,3510,3590,3465,3550,23932,0.0014104372355430161
2018-11-22,3600,3650,3535,3555,22512,0.0014084507042253502
2018-11-23,3555,3575,3450,3475,23135,-0.02250351617440227
2018-11-26,3475,3540,3460,3540,23712,0.018705035971223083
2018-11-27,3510,3620,3510,3605,29282,0.01836158192090398
2018-11-28,3575,3660,3575,3655,24664,0.01386962552011095
2018-11-29,3700,3700,3550,3625,36658,-0.008207934336525335
2018-11-30,3655,3655,3575,3600,15359,-0.006896551724137945
2018-12-03,3605,3670,3595,3665,28225,0.01805555555555549
2018-12-04,3925,4085,3770,3825,119017,0.043656207366985056
2018-12-05,3825,3930,3785,3870,75697,0.0117647058823529
2018-12-06,3870,3870,3675,3750,47436,-0.03100775193798455
2018-12-07,3750,3800,3625,3775,36244,0.006666666666666599
2018-12-10,3670,3940,3625,3705,50843,-0.018543046357615944
2018-12-11,3705,3805,3570,3625,51488,-0.021592442645074206
2018-12-12,3575,3670,3575,3660,16969,0.009655172413793212
2018-12-13,3645,3730,3635,3695,26867,0.0095628415300546
2018-12-14,3750,3755,3570,3685,22725,-0.0027063599458727605
2018-12-17,3780,3780,3630,3705,23335,0.005427408412483015
2018-12-18,3705,3745,3650,3715,19912,0.0026990553306343035
2018-12-19,3700,3835,3690,3835,85224,0.032301480484522305
2018-12-20,4085,4100,3680,3690,169678,-0.03780964797913955
2018-12-21,3690,3735,3640,3735,40956,0.012195121951219523
2018-12-24,3735,3770,3670,3765,52038,0.008032128514056325
2018-12-26,3760,3760,3665,3735,24332,-0.007968127490039834
2018-12-27,3735,3820,3725,3820,28656,0.022757697456492698
2018-12-28,3845,3900,3745,3830,28719,0.002617801047120505
2019-01-02,3830,3885,3740,3755,32756,-0.019582245430809442
2019-01-03,3755,3755,3540,3565,63264,-0.05059920106524629
2019-01-04,3505,3575,3380,3575,80245,0.0028050490883591017
2019-01-07,3600,3600,3455,3455,52684,-0.03356643356643352
2019-01-08,3460,3500,3435,3475,30701,0.005788712011577379
2019-01-09,3465,3545,3455,3505,42859,0.008633093525179936
2019-01-10,3540,3565,3485,3560,25044,0.015691868758915817
2019-01-11,3560,3595,3510,3595,16453,0.00983146067415741
2019-01-14,3605,3735,3575,3730,59198,0.037552155771905404
2019-01-15,3785,3810,3670,3810,55889,0.02144772117962468
2019-01-16,3805,3835,3675,3800,56803,-0.002624671916010457
2019-01-17,3800,4000,3755,3815,140820,0.003947368421052699
2019-01-18,3815,3855,3725,3745,65625,-0.01834862385321101
2019-01-21,3745,3795,3665,3755,63713,0.002670226969292422
2019-01-22,3750,3825,3630,3720,28159,-0.009320905459387463
2019-01-23,3695,3915,3695,3805,121024,0.02284946236559149
2019-01-24,3900,3900,3735,3835,44974,0.007884362680683266
2019-01-25,3845,3950,3815,3950,90988,0.02998696219035213
2019-01-28,3930,3995,3855,3890,26414,-0.015189873417721489
2019-01-29,3885,3885,3780,3870,31819,-0.005141388174807249
2019-01-30,3865,3900,3800,3895,36737,0.006459948320413522
2019-01-31,3875,4045,3825,3970,135251,0.019255455712451797
2019-02-01,4050,4050,3865,3970,59389,0.0
2019-02-07,4000,4000,3860,3910,57467,-0.015113350125944613
2019-02-08,3900,3935,3805,3875,41247,-0.008951406649616356
2019-02-11,3895,3915,3800,3845,36709,-0.007741935483870921
2019-02-12,3760,3875,3760,3850,38253,0.0013003901170351995
2019-02-13,3855,3970,3810,3970,113570,0.03116883116883118
2019-02-14,3970,4005,3915,3995,70335,0.006297229219143663
2019-02-15,3995,4040,3900,3940,50238,-0.013767209011264048
2019-02-18,3940,4020,3930,4020,68650,0.020304568527918843
2019-02-19,4045,4190,3995,4190,133503,0.04228855721393043
2019-02-20,4190,4425,4185,4385,211175,0.046539379474940246
2019-02-21,4380,4380,4215,4345,89850,-0.009122006841505104
2019-02-22,4315,4315,4130,4185,115006,-0.03682393555811281
2019-02-25,4155,4245,4084,4245,47499,0.014336917562723928
2019-02-26,4260,4285,4225,4250,38815,0.0011778563015312216
2019-02-27,4250,4250,4145,4250,60119,0.0
2019-02-28,4244,4244,3895,4065,97769,-0.04352941176470593
2019-03-04,4050,4280,4050,4240,57180,0.043050430504305126
2019-03-05,4160,4280,4160,4225,38422,-0.003537735849056589
2019-03-06,4225,4265,4100,4235,53113,0.002366863905325367
2019-03-07,4185,4255,4175,4210,61046,-0.005903187721369552
2019-03-08,4145,4225,4120,4210,55023,0.0
2019-03-11,4210,4210,4100,4160,25708,-0.01187648456057011
2019-03-12,4075,4205,4075,4165,49974,0.0012019230769231282
2019-03-13,4150,4235,4080,4185,34185,0.004801920768307433
2019-03-14,4225,4225,4115,4180,26843,-0.0011947431302270495
2019-03-15,4180,4215,4130,4195,32687,0.0035885167464115852
2019-03-18,4195,4200,4070,4165,59178,-0.007151370679380209
2019-03-19,4165,4240,4115,4170,22354,0.0012004801920768582
2019-03-20,4130,4215,4075,4140,36047,-0.007194244604316502
2019-03-21,4210,4210,4045,4130,46226,-0.0024154589371980784
2019-03-22,4090,4165,4065,4135,43069,0.001210653753026536
2019-03-25,4075,4160,4000,4035,42723,-0.024183796856106388
2019-03-26,4035,4050,3905,4000,49855,-0.008674101610904539
2019-03-27,3950,4050,3925,4015,17657,0.00374999999999992
2019-03-28,4010,4015,3875,4005,30985,-0.00249066002490661
2019-03-29,3955,4020,3910,4010,33827,0.0012484394506866447
2019-04-01,3950,4000,3880,3925,30792,-0.021197007481296715
2019-04-02,3925,3965,3860,3905,20292,-0.005095541401273884
2019-04-03,3925,3930,3870,3895,14181,-0.002560819462227859
2019-04-04,3895,3950,3820,3875,42167,-0.005134788189987138
2019-04-05,3880,3950,3850,3950,35786,0.019354838709677358
2019-04-08,3925,4015,3880,4015,25335,0.016455696202531733
2019-04-09,4000,4015,3930,3990,33978,-0.0062266500622665255
2019-04-10,4005,4305,3970,4290,189404,0.07518796992481214
2019-04-11,4290,4310,4135,4135,98780,-0.036130536130536184
2019-04-12,4135,4275,3905,4250,69858,0.027811366384522307
2019-04-15,4250,4485,4250,4470,142063,0.051764705882352935
2019-04-16,4550,4610,4435,4545,123735,0.016778523489932917
2019-04-17,4650,4800,4590,4800,201060,0.05610561056105601
2019-04-18,4755,4855,4730,4770,79454,-0.006249999999999978
2019-04-19,4765,4865,4650,4650,64852,-0.02515723270440251
2019-04-22,4630,4895,4550,4800,104563,0.032258064516129004
2019-04-23,4730,4865,4710,4800,52674,0.0
2019-04-24,4800,4940,4770,4935,77234,0.028124999999999956
2019-04-25,4900,4935,4765,4880,84844,-0.011144883485309065
2019-04-26,4850,4870,4720,4825,46375,-0.01127049180327866
2019-04-29,4815,4920,4740,4820,32723,-0.0010362694300518616
2019-04-30,4840,4840,4655,4840,35849,0.004149377593360981
2019-05-02,4820,4840,4715,4775,17798,-0.013429752066115741
2019-05-03,4775,4775,4565,4740,54278,-0.007329842931937169
2019-05-07,4735,4745,4625,4700,21599,-0.008438818565400852
2019-05-08,4640,4925,4620,4745,58603,0.009574468085106425
2019-05-09,4705,4745,4600,4650,39472,-0.02002107481559534
2019-05-10,4650,4650,4430,4645,92520,-0.0010752688172043223
2019-05-13,4645,4650,4490,4650,25219,0.0010764262648008671
2019-05-14,4645,4655,4305,4650,74767,0.0
2019-05-15,4650,4775,4550,4650,116037,0.0
2019-05-16,4650,4695,4375,4400,97466,-0.053763440860215006
2019-05-17,4425,4550,4400,4400,54530,0.0
2019-05-20,4420,4545,4420,4435,25485,0.007954545454545547
2019-05-21,4375,4465,4375,4440,20721,0.0011273957158963732
2019-05-22,4400,4500,4385,4465,11273,0.005630630630630629
2019-05-23,4500,4500,4200,4320,67539,-0.03247480403135494
2019-05-24,4325,4325,4170,4250,48246,-0.01620370370370372
2019-05-27,4200,4220,4120,4175,19617,-0.01764705882352946
2019-05-28,4110,4340,4085,4315,44467,0.033532934131736525
2019-05-29,4315,4325,4160,4205,22023,-0.02549246813441486
2019-05-30,4185,4245,4120,4245,17739,0.009512485136742077
2019-05-31,4245,4245,4155,4215,13835,-0.007067137809187329
2019-06-03,4210,4210,4140,4195,19215,-0.004744958481613271
2019-06-04,4130,4280,4125,4280,18443,0.020262216924910703
2019-06-05,4280,4330,4235,4300,15082,0.004672897196261738
2019-06-07,4290,4350,4265,4325,14493,0.005813953488372103
2019-06-10,4330,4350,4240,4305,10710,-0.0046242774566473965
2019-06-11,4250,4305,4245,4290,12270,-0.0034843205574912606
2019-06-12,4290,4320,4260,4300,14022,0.002331002331002363
2019-06-13,4300,4305,4180,4285,23360,-0.0034883720930232176
2019-06-14,4290,4305,4140,4150,26816,-0.031505250875145885
2019-06-17,4195,4195,4135,4155,7754,0.00120481927710836
2019-06-18,4200,4230,4115,4210,24874,0.013237063778579916
2019-06-19,4210,4225,4165,4225,20503,0.0035629453681709222
2019-06-20,4235,4485,4235,4475,64812,0.059171597633136175
2019-06-21,4480,4675,4480,4625,66697,0.033519553072625774
2019-06-24,4625,4650,4550,4580,22520,-0.009729729729729741
2019-06-25,4485,4545,4355,4495,60651,-0.018558951965065518
2019-06-26,4475,4500,4415,4495,18277,0.0
2019-06-27,4540,4540,4435,4495,32446,0.0
2019-06-28,4495,4525,4400,4485,32137,-0.0022246941045606095
2019-07-01,4450,4600,4450,4480,43230,-0.0011148272017836858
2019-07-02,4485,4510,4420,4500,38515,0.0044642857142858094
2019-07-03,4510,4510,4405,4510,40624,0.0022222222222221255
2019-07-04,4490,4510,4325,4385,56032,-0.027716186252771613
2019-07-05,4385,4385,4200,4320,43872,-0.014823261117445807
2019-07-08,4300,4300,4075,4125,46779,-0.04513888888888884
2019-07-09,4125,4160,4035,4095,423907,-0.0072727272727273196
2019-07-10,4010,4165,4010,4145,35442,0.012210012210012167
2019-07-11,4235,4240,4150,4235,21921,0.02171290711700835
2019-07-12,4245,4305,4200,4285,21329,0.011806375442739103
2019-07-15,4240,4275,4140,4160,22933,-0.029171528588098017
2019-07-16,4120,4195,4060,4190,27004,0.007211538461538547
2019-07-17,4200,4200,4050,4105,28547,-0.02028639618138428
2019-07-18,4075,4145,4040,4115,17776,0.0024360535931791105
2019-07-19,4105,4150,3935,4150,15604,0.008505467800729027
2019-07-22,4160,4200,4080,4200,13523,0.012048192771084265
2019-07-23,4160,4200,4095,4145,14532,-0.013095238095238049
2019-07-24,4145,4175,4060,4125,11548,-0.004825090470446325
2019-07-25,4045,4110,3950,4095,38272,-0.0072727272727273196
2019-07-26,4000,4175,3960,4145,28426,0.012210012210012167
2019-07-29,4105,4125,3965,4095,22539,-0.012062726176115812
2019-07-30,4095,4105,3945,4085,29609,-0.0024420024420024333
2019-07-31,4005,4090,3950,4080,27979,-0.001223990208078285
2019-08-01,4105,4105,3980,4070,26628,-0.002450980392156854
2019-08-02,3995,4100,3955,4065,17093,-0.0012285012285012664
2019-08-05,3980,4055,3775,3785,57714,-0.06888068880688802
2019-08-06,3625,3785,3555,3625,56511,-0.042272126816380484
2019-08-07,3505,3765,3505,3735,49073,0.030344827586206824
2019-08-08,3700,3950,3700,3950,42392,0.05756358768406966
2019-08-09,4035,4045,3925,3980,19400,0.0075949367088608
2019-08-12,3950,4135,3950,4110,27513,0.03266331658291466
2019-08-13,4125,4475,4125,4270,83300,0.038929440389294356
2019-08-14,4260,4370,4215,4285,22838,0.003512880562060783
2019-08-16,4285,4395,4175,4395,27143,0.025670945157526326
2019-08-19,4330,4405,4195,4235,41230,-0.03640500568828209
2019-08-20,4255,4330,4200,4325,56116,0.02125147579693043
2019-08-21,4325,4375,4250,4360,26299,0.008092485549132888
2019-08-22,4375,4575,4375,4455,69794,0.02178899082568808
2019-08-23,4415,4535,4415,4485,21042,0.006734006734006703
2019-08-26,4395,4650,4290,4525,129277,0.008918617614269708
2019-08-27,4605,4850,4400,4430,286404,-0.020994475138121582
2019-08-28,4430,4590,4430,4560,53534,0.02934537246049662
2019-08-29,4560,4620,4375,4565,70244,0.0010964912280702066
2019-08-30,4575,4990,4575,4990,345008,0.09309967141292441
2019-09-02,4965,5100,4835,4890,188531,-0.02004008016032066
2019-09-03,4880,4885,4680,4845,148405,-0.009202453987730008
2019-09-04,4895,4990,4730,4970,150988,0.02579979360165119
2019-09-05,5125,5200,4915,4985,197068,0.003018108651911433
2019-09-06,4985,5100,4940,5050,104467,0.013039117352056095
2019-09-09,5075,5100,4875,4945,92345,-0.02079207920792081
2019-09-10,4940,4980,4865,4965,74551,0.004044489383215444
2019-09-11,5000,5000,4845,4850,71491,-0.023162134944612278
2019-09-16,4895,4895,4705,4800,72208,-0.010309278350515427
2019-09-17,4790,5025,4730,5025,139670,0.046875
2019-09-18,5000,5075,4910,4950,49574,-0.014925373134328401
2019-09-19,4975,4995,4860,4950,69457,0.0
2019-09-20,4950,4950,4780,4815,331270,-0.027272727272727226
2019-09-23,4820,4820,4655,4725,99303,-0.01869158878504673
2019-09-24,4750,4795,4700,4780,60825,0.011640211640211673
2019-09-25,4780,4870,4700,4820,53476,0.008368200836819994
2019-09-26,4780,4815,4655,4725,58893,-0.01970954356846477
2019-09-27,4730,4740,4610,4725,91259,0.0
2019-09-30,4725,4800,4645,4725,28499,0.0
2019-10-01,4670,4730,4650,4695,34541,-0.006349206349206327
2019-10-02,4650,4725,4610,4670,38071,-0.005324813631522929
2019-10-04,4620,4695,4510,4585,54450,-0.018201284796573902
2019-10-07,4540,4675,4350,4400,63546,-0.040348964013086186
2019-10-08,4400,4515,4360,4475,24733,0.017045454545454586
2019-10-10,4430,4500,4325,4500,33955,0.005586592178770999
2019-10-11,4720,5100,4390,4475,220477,-0.005555555555555536
2019-10-14,4480,4750,4375,4565,59011,0.02011173184357551
2019-10-15,4600,4715,4505,4690,72287,0.027382256297918905
2019-10-16,4720,4750,4625,4750,35600,0.01279317697228155
2019-10-17,4740,4740,4655,4725,23929,-0.0052631578947368585
2019-10-18,4725,4735,4615,4665,41991,-0.012698412698412653
2019-10-21,4665,4685,4530,4610,44104,-0.011789924973204746
2019-10-22,4675,4990,4665,4865,295065,0.05531453362255956
2019-10-23,4865,4970,4770,4970,71473,0.021582733812949728
2019-10-24,4930,4970,4810,4895,47179,-0.015090543259557387
2019-10-25,4870,4925,4775,4830,84601,-0.013278855975485171
2019-10-28,4830,4900,4810,4845,34961,0.0031055900621117516
2019-10-29,4810,4875,4760,4845,21633,0.0
2019-10-30,4850,4875,4790,4870,30415,0.005159958720330149
2019-10-31,4870,4900,4820,4900,43758,0.006160164271047153
2019-11-01,4905,4925,4855,4915,17595,0.003061224489795844
2019-11-04,4940,4995,4875,4950,41042,0.007121057985757906
2019-11-05,4905,4920,4810,4900,40409,-0.010101010101010055
2019-11-06,4900,4900,4785,4800,20141,-0.020408163265306145
2019-11-07,4775,4780,4700,4750,27108,-0.01041666666666663
2019-11-08,4760,4830,4700,4780,44308,0.006315789473684275
2019-11-11,4730,4765,4675,4730,43922,-0.010460251046025104
2019-11-12,4730,4755,4660,4730,34021,0.0
2019-11-13,4710,4865,4515,4865,63370,0.02854122621564481
2019-11-14,4850,4925,4675,4840,42419,-0.005138746145940343
2019-11-15,4810,4825,4685,4750,45273,-0.018595041322314043
2019-11-18,4750,4755,4665,4750,37955,0.0
2019-11-19,4700,4750,4455,4645,45338,-0.02210526315789474
2019-11-20,4640,4645,4455,4485,54378,-0.034445640473627526
2019-11-21,4475,4800,4400,4670,102769,0.04124860646599782
2019-11-22,4680,4770,4595,4705,48109,0.007494646680942241
2019-11-25,4685,4745,4625,4735,44867,0.006376195536663021
2019-11-26,4735,4745,4655,4715,27271,-0.004223864836325197
2019-11-27,4735,4735,4615,4685,19703,-0.006362672322375418
2019-11-28,4685,4695,4555,4625,31140,-0.012806830309498363
2019-11-29,4625,4625,4535,4590,20365,-0.007567567567567601
2019-12-02,4580,4595,4510,4545,17939,-0.009803921568627416
2019-12-03,4510,4525,4425,4475,28647,-0.015401540154015403
2019-12-04,4475,4475,4405,4450,27486,-0.005586592178770999
2019-12-05,4445,4485,4400,4480,23359,0.006741573033707926
2019-12-06,4450,4670,4410,4665,27117,0.041294642857142794
2019-12-09,4675,4680,4610,4645,6242,-0.004287245444801746
2019-12-10,4685,4685,4545,4645,19190,0.0
2019-12-11,4645,4645,4510,4525,22098,-0.0258342303552207
2019-12-12,4525,4575,4450,4570,30281,0.009944751381215422
2019-12-13,4550,4660,4540,4585,23935,0.003282275711159688
2019-12-16,4590,4970,4590,4960,263313,0.08178844056706658
2019-12-17,4965,5025,4900,4955,82867,-0.0010080645161290036
2019-12-18,4940,4975,4850,4975,72063,0.004036326942482349
2019-12-19,4975,5425,4940,5300,487267,0.0653266331658291
2019-12-20,5250,5475,5125,5425,230255,0.02358490566037741
2019-12-23,5425,5675,5300,5450,239163,0.004608294930875667
2019-12-24,5475,5625,5100,5575,205299,0.022935779816513735
2019-12-26,5475,5550,5250,5400,157145,-0.03139013452914796
2019-12-27,5300,5550,5225,5500,66930,0.0185185185185186
2019-12-30,5500,5525,5325,5500,94874,0.0
2020-01-02,5400,5500,5325,5400,53581,-0.018181818181818188
2020-01-03,5350,5525,5250,5500,133602,0.0185185185185186
2020-01-06,5475,5750,5300,5725,195005,0.040909090909091006
2020-01-07,5725,5975,5600,5925,198582,0.03493449781659397
2020-01-08,5825,5850,5250,5475,346250,-0.07594936708860756
2020-01-09,5625,5625,5300,5450,179365,-0.004566210045662156
2020-01-10,5475,5525,5275,5500,122055,0.00917431192660545
2020-01-13,5450,5500,5350,5450,96751,-0.009090909090909038
2020-01-14,5475,5500,5225,5350,209561,-0.01834862385321101
2020-01-15,5400,6000,5375,5850,526470,0.09345794392523366
2020-01-16,5925,6425,5825,6350,652627,0.08547008547008539
2020-01-17,6325,6425,6150,6400,345692,0.007874015748031482
2020-01-20,6300,6375,6075,6300,342758,-0.015625
2020-01-21,6300,6325,6025,6225,183825,-0.011904761904761862
2020-01-22,6150,6674,6125,6550,264649,0.052208835341365445
2020-01-23,6475,6525,6250,6375,174886,-0.026717557251908386
2020-01-28,6100,6325,6075,6175,143042,-0.03137254901960784
2020-01-29,6224,6275,5975,6050,123327,-0.020242914979757054
2020-01-30,6000,6125,5725,5775,152412,-0.045454545454545414
2020-01-31,5775,5874,5675,5750,127789,-0.0043290043290042934
2020-02-03,5725,5825,5550,5800,128635,0.008695652173912993
2020-02-04,5800,5975,5725,5925,97505,0.02155172413793105
2020-02-05,5900,6075,5700,5725,127715,-0.03375527426160341
2020-02-06,5700,5874,5600,5750,101851,0.004366812227074135
2020-02-07,5750,5800,5600,5775,73945,0.004347826086956497
2020-02-10,5800,5850,5650,5750,48614,-0.0043290043290042934
2020-02-11,5750,5775,5625,5750,50074,0.0
2020-02-12,5749,5875,5625,5875,63983,0.021739130434782705
2020-02-13,5925,6200,5775,6100,189681,0.038297872340425476
2020-02-14,6125,6200,5925,6025,155416,-0.012295081967213073
2020-02-17,6025,6075,5875,6075,80304,0.008298755186721962
2020-02-18,6075,6075,5850,6000,104943,-0.012345679012345734
2020-02-19,6000,6324,6000,6250,161898,0.04166666666666674
2020-02-20,6274,6300,6074,6150,83444,-0.016000000000000014
2020-02-21,6000,6175,5950,6050,75647,-0.016260162601625994
2020-02-24,5900,5925,5750,5825,86569,-0.037190082644628086
2020-02-25,5700,5875,5600,5825,65976,0.0
2020-02-26,5725,5775,5600,5600,71432,-0.03862660944206009
2020-02-27,5650,5650,5225,5425,191374,-0.03125
2020-02-28,5300,5400,4985,5100,189140,-0.05990783410138245
2020-03-02,5100,5300,5075,5300,58906,0.03921568627450989
2020-03-03,5350,5525,5150,5275,97452,-0.004716981132075526
2020-03-04,5175,5250,5050,5100,150892,-0.033175355450236976
2020-03-05,5175,5200,5050,5075,76966,-0.004901960784313708
2020-03-06,5000,5100,4955,5000,77817,-0.014778325123152691
2020-03-09,4900,4950,4695,4705,123991,-0.05900000000000005
2020-03-10,4565,4825,4560,4825,70754,0.025504782146652527
2020-03-11,4870,4870,4600,4685,42482,-0.02901554404145079
2020-03-12,4645,4645,3285,4445,206110,-0.05122732123799356
2020-03-13,3915,4170,3650,4000,230560,-0.10011248593925759
2020-03-16,4035,4210,3930,3930,153683,-0.01749999999999996
2020-03-17,3650,3975,3650,3970,108628,0.010178117048346147
2020-03-18,3955,4040,3560,3575,112283,-0.09949622166246852
2020-03-19,3600,3685,2780,3005,266406,-0.15944055944055946
2020-03-20,2935,3785,2935,3750,223169,0.24792013311148087
2020-03-23,3570,3570,3240,3425,113080,-0.08666666666666667
2020-03-24,3515,3710,3515,3625,102213,0.058394160583941535
2020-03-25,3750,4290,3740,4055,213231,0.11862068965517247
2020-03-26,4144,4180,3980,4065,122458,0.002466091245376001
2020-03-27,4160,4225,3885,4050,162973,-0.0036900369003689537
2020-03-30,4050,4585,4005,4550,333738,0.1234567901234569
2020-03-31,4755,5075,4620,4910,336698,0.07912087912087906
2020-04-01,5000,5175,4585,4680,271418,-0.046843177189409335
2020-04-02,4670,4670,4350,4670,199608,-0.002136752136752129
2020-04-03,5000,5200,4800,4920,488116,0.05353319057815842
2020-04-06,4995,5175,4930,5125,278071,0.04166666666666674
2020-04-07,5200,5225,4920,5025,264117,-0.019512195121951237
2020-04-08,4995,5100,4915,5075,116068,0.00995024875621886
2020-04-09,5075,5125,4970,5050,97800,-0.0049261083743842304
2020-04-10,5025,5025,4800,4975,135758,-0.014851485148514865
2020-04-13,4975,4975,4680,4735,103966,-0.04824120603015081
2020-04-14,4725,4825,4690,4735,121398,0.0
2020-04-16,4785,5025,4500,4965,227880,0.04857444561774016
2020-04-17,4965,5100,4780,5075,326329,0.022155085599194324
2020-04-20,5125,5150,4970,5075,193641,0.0
2020-04-21,4940,5075,4660,5025,249731,-0.009852216748768461
2020-04-22,4965,5000,4875,4995,65953,-0.005970149253731294
2020-04-23,4995,5475,4965,5475,363118,0.09609609609609615
2020-04-24,5400,5925,5325,5625,661783,0.027397260273972712
2020-04-27,5675,5725,5500,5650,114562,0.004444444444444473
2020-04-28,5675,5675,5475,5575,105665,-0.013274336283185861
2020-04-29,5575,5650,5475,5650,129662,0.013452914798206317
2020-05-04,5625,5925,5500,5875,293524,0.03982300884955747
2020-05-06,6000,6375,5925,6200,517179,0.05531914893617018
2020-05-07,6175,6375,5950,6000,185575,-0.032258064516129004
2020-05-08,6075,6075,5800,5900,270767,-0.01666666666666672
2020-05-11,5825,6075,5700,6000,184723,0.016949152542372836
2020-05-12,5950,6025,5700,5750,126529,-0.04166666666666663
2020-05-13,5700,5900,5625,5850,76654,0.017391304347825987
2020-05-14,5850,6124,5700,6050,184811,0.03418803418803429
2020-05-15,6074,6600,6050,6350,601084,0.04958677685950419
2020-05-18,6349,6349,6000,6075,161307,-0.04330708661417326
2020-05-19,6024,6100,5824,6050,169596,-0.004115226337448541
2020-05-20,6000,6350,5874,6150,178286,0.016528925619834656
2020-05-21,6100,6350,6025,6300,163861,0.024390243902439046
2020-05-22,6425,6575,6175,6300,262941,0.0
2020-05-25,6275,6400,6175,6400,160276,0.015873015873015817
2020-05-26,6400,7200,6250,7200,795780,0.125
2020-05-27,7100,7125,6775,6875,329771,-0.04513888888888884
2020-05-28,6850,6875,6400,6700,285122,-0.025454545454545507
2020-05-29,6625,6750,6400,6600,164619,-0.014925373134328401
2020-06-01,6600,7150,6550,7150,358430,0.08333333333333326
2020-06-02,7225,7250,6900,7000,192043,-0.020979020979020935
2020-06-03,7050,7125,6900,7100,183895,0.014285714285714235
2020-06-04,7100,7100,6700,6850,214109,-0.035211267605633756
2020-06-05,6850,6850,6525,6750,226729,-0.014598540145985384
2020-06-08,6750,6750,6300,6400,312334,-0.051851851851851816
2020-06-09,6375,6450,6250,6400,165783,0.0
2020-06-10,6374,6550,6300,6550,105453,0.0234375
2020-06-11,6549,6625,6425,6475,94151,-0.011450381679389277
2020-06-12,6150,6300,6025,6300,234236,-0.027027027027026973
2020-06-15,6300,6300,5550,5650,238908,-0.10317460317460314
2020-06-16,5825,5950,5675,5900,199736,0.04424778761061954
2020-06-17,5800,6075,5700,5975,136977,0.012711864406779627
2020-06-18,6300,6300,5924,6050,194061,0.012552301255230214
2020-06-19,6025,6425,5925,6375,187389,0.05371900826446274
2020-06-22,6374,6450,6250,6350,86578,-0.0039215686274509665
2020-06-23,6350,6574,6200,6350,221328,0.0
2020-06-24,6549,6575,6400,6475,131163,0.019685039370078705
2020-06-25,6475,6650,6325,6600,128811,0.019305019305019266
2020-06-26,6700,6700,6450,6550,102259,-0.007575757575757569
2020-06-29,6425,6575,6325,6425,83637,-0.01908396946564883
2020-06-30,6450,6550,6324,6450,71370,0.0038910505836575737
2020-07-01,6450,6450,6200,6300,91415,-0.023255813953488413
2020-07-02,6274,6425,6250,6350,72795,0.007936507936507908
2020-07-03,6325,6425,6225,6400,56574,0.007874015748031482
2020-07-06,6500,6500,6175,6225,116187,-0.02734375
2020-07-07,6200,6300,6125,6225,78927,0.0
2020-07-08,6200,6325,6100,6325,107328,0.016064257028112428
2020-07-09,6350,6350,6200,6325,60447,0.0
2020-07-10,6349,6425,6200,6375,71961,0.007905138339920903
2020-07-13,6349,6349,6200,6275,118616,-0.015686274509803977
2020-07-14,6300,6675,6249,6525,261606,0.03984063745019917
2020-07-15,6550,6600,6325,6400,165589,-0.019157088122605415
2020-07-16,6400,6475,6325,6425,66921,0.00390625
2020-07-17,6450,6500,6225,6350,68328,-0.011673151750972721
2020-07-20,6300,6400,6249,6325,44805,-0.003937007874015741
2020-07-21,6325,6350,5925,6000,252647,-0.0513833992094862
2020-07-22,6025,6100,5800,5925,198592,-0.012499999999999956
2020-07-23,5975,6200,5825,6175,97759,0.04219409282700415
2020-07-24,6150,6175,5900,6000,74855,-0.028340080971659964
2020-07-27,5925,6100,5900,6100,59554,0.016666666666666607
2020-07-28,6049,6150,6000,6125,51487,0.004098360655737654
2020-07-29,6100,6200,6075,6200,49179,0.012244897959183598
2020-07-30,6275,7250,6150,6800,884310,0.09677419354838701
2020-07-31,6725,6725,6450,6550,269258,-0.03676470588235292
2020-08-03,6500,7650,6500,7450,822267,0.13740458015267176
2020-08-04,7325,7400,7100,7175,238830,-0.03691275167785235
2020-08-05,7375,8225,7350,7825,1094862,0.09059233449477344
2020-08-06,7675,8350,7575,8350,402038,0.06709265175718859
2020-08-07,8350,8600,8175,8475,340305,0.014970059880239583
2020-08-10,8475,8550,8200,8375,236950,-0.01179941002949858
2020-08-11,8375,8425,8150,8300,228297,-0.008955223880596996
2020-08-12,8250,8325,8000,8150,262024,-0.01807228915662651
2020-08-13,8550,8570,8090,8210,426303,0.007361963190184007
2020-08-14,8280,8280,7680,7820,307834,-0.047503045066991434
2020-08-18,7820,8060,7230,7460,273439,-0.04603580562659848
2020-08-19,7390,7690,7370,7680,242124,0.029490616621983934
2020-08-20,7510,7660,7180,7400,259250,-0.03645833333333337
2020-08-21,7400,7440,7200,7330,88485,-0.009459459459459474
2020-08-24,7320,7410,7180,7410,88442,0.01091405184174632
2020-08-25,7410,7630,7350,7590,119257,0.02429149797570851
2020-08-26,7700,7790,7460,7780,146747,0.025032938076416267
2020-08-27,7710,7860,7600,7750,220211,-0.003856041131105381
2020-08-28,7780,8330,7780,8220,470091,0.06064516129032249
2020-08-31,8080,8260,7890,8110,652909,-0.01338199513381999
2020-09-01,8160,8730,8000,8660,725040,0.06781750924784213
2020-09-02,9360,9400,8440,8490,1021300,-0.019630484988452657
2020-09-03,8480,8730,8210,8420,532846,-0.00824499411071844
2020-09-04,7900,8250,7900,8120,387118,-0.03562945368171022
2020-09-07,8040,8220,7970,8140,235992,0.0024630541871921707
2020-09-08,8140,8460,8050,8160,336378,0.002457002457002533
2020-09-09,8060,8060,7790,7800,369283,-0.044117647058823484
2020-09-10,7890,8290,7710,7880,365948,0.01025641025641022
2020-09-11,7880,8020,7710,7880,250763,0.0
2020-09-14,7850,7850,7620,7710,254579,-0.021573604060913687
2020-09-15,7710,7800,7530,7590,258098,-0.015564202334630295
2020-09-16,7600,7850,7600,7820,254810,0.030303030303030276
2020-09-17,7840,7840,7540,7610,195749,-0.026854219948849067
2020-09-18,7610,9600,7600,8800,9292861,0.1563731931668857
2020-09-21,8660,8890,8140,8430,1069255,-0.0420454545454545
2020-09-22,8390,8900,8180,8530,1085514,0.011862396204033177
2020-09-23,8690,9100,8430,9100,1637056,0.06682297772567414
2020-09-24,8940,9060,8250,8660,967178,-0.0483516483516484
2020-09-25,8790,8980,8560,8580,570045,-0.009237875288683584
2020-09-28,8500,8680,8370,8530,327599,-0.005827505827505797
2020-09-29,8530,8570,8310,8470,260895,-0.007033997655334079
2020-10-05,8480,9030,8420,8990,637879,0.06139315230224329
2020-10-06,9050,10500,9020,9720,3313642,0.08120133481646263
2020-10-07,9600,9840,9540,9710,532557,-0.0010288065843621075
2020-10-08,9670,10400,9670,10000,1373420,0.029866117404737436
2020-10-12,10000,10050,9610,9750,520386,-0.025000000000000022
2020-10-13,9850,10150,9500,9700,577510,-0.00512820512820511
2020-10-14,9700,10100,9350,9600,513668,-0.010309278350515427
2020-10-15,9670,9700,9260,9450,357678,-0.015625
2020-10-16,9640,9690,8810,9400,740929,-0.005291005291005346
2020-10-19,9240,9300,9020,9100,215222,-0.03191489361702127
2020-10-20,9000,9270,8910,9070,454832,-0.003296703296703285
2020-10-21,9080,9650,9050,9590,625925,0.05733186328555684
2020-10-22,9520,9660,9270,9660,243605,0.007299270072992803
2020-10-23,9710,9890,9310,9700,340329,0.0041407867494824835
2020-10-26,9700,9780,9350,9490,170050,-0.02164948453608251
2020-10-27,9350,9570,9040,9300,280891,-0.02002107481559534
2020-10-28,9180,9480,9130,9340,141417,0.004301075268817289
2020-10-29,9180,9480,9170,9460,187577,0.012847965738758127
2020-10-30,9490,9770,9420,9610,326842,0.015856236786469413
2020-11-02,9820,10800,9760,10500,2481370,0.09261186264308008
2020-11-03,10350,10550,10150,10500,653209,0.0
2020-11-04,10400,10500,9870,10100,726157,-0.03809523809523807
2020-11-05,10300,10900,10250,10600,1076574,0.04950495049504955
2020-11-06,10700,11850,10600,11200,2752138,0.05660377358490565
2020-11-09,11250,11850,11100,11400,947806,0.017857142857142794
2020-11-10,11450,11450,10750,11200,429379,-0.01754385964912286
2020-11-11,11350,11350,10300,10300,595719,-0.0803571428571429
2020-11-12,10400,10700,10350,10700,256013,0.03883495145631066
2020-11-13,10600,11150,10600,10900,644319,0.01869158878504673
2020-11-16,11000,11150,10400,10500,417139,-0.03669724770642202
2020-11-17,10300,10400,9790,10300,951339,-0.01904761904761909
2020-11-18,10100,10650,9990,10500,721301,0.01941747572815533
2020-11-19,10650,11200,10500,11000,544751,0.04761904761904767
2020-11-20,11000,11100,10700,10850,259649,-0.013636363636363669
2020-11-23,10850,10950,10650,10950,251200,0.009216589861751112
2020-11-24,11050,11100,10550,10600,266841,-0.03196347031963476
2020-11-25,10550,10650,10250,10300,297710,-0.028301886792452824
2020-11-26,10250,10600,10100,10200,296906,-0.009708737864077666
2020-11-27,10200,10550,10000,10550,268526,0.03431372549019618
2020-11-30,10600,10600,10200,10250,216766,-0.028436018957345932
2020-12-01,10400,10500,10200,10450,134950,0.019512195121951237
2020-12-02,10500,10850,10400,10750,282975,0.028708133971291794
2020-12-03,10850,11200,10750,11150,426233,0.037209302325581506
2020-12-04,11150,11300,10900,11150,436957,0.0
2020-12-07,11250,12550,11250,11850,1830126,0.06278026905829592
2020-12-08,11850,12150,11400,11500,486159,-0.029535864978902926
2020-12-09,11500,12100,11400,11650,611623,0.01304347826086949
2020-12-10,11650,11950,11500,11850,342250,0.01716738197424883
2020-12-11,12150,13150,11900,12600,1702104,0.06329113924050622
2020-12-14,12600,13550,12050,13500,1108227,0.0714285714285714
2020-12-15,13850,14800,11000,11650,5972609,-0.13703703703703707
2020-12-16,13350,13400,11600,11800,6055538,0.012875536480686733
2020-12-17,11800,11900,10650,11100,1597639,-0.05932203389830504
2020-12-18,11150,11350,10700,10850,796102,-0.022522522522522515
2020-12-21,10850,10950,10300,10500,874074,-0.032258064516129004
2020-12-22,10450,10450,9980,9980,1190727,-0.049523809523809526
2020-12-23,10050,10200,9950,10000,838997,0.002004008016031955
2020-12-24,10050,10700,9900,10650,785156,0.06499999999999995
2020-12-28,10650,11100,10600,10850,626197,0.018779342723004744
2020-12-29,10900,11150,10750,11050,342003,0.018433179723502224
2020-12-30,11050,11200,10850,10850,440560,-0.018099547511312264
2021-01-04,10800,10900,10400,10500,602479,-0.032258064516129004
2021-01-05,10550,10550,10150,10450,402029,-0.004761904761904745
2021-01-06,10450,10850,10400,10800,389841,0.03349282296650724
2021-01-07,10800,10800,10400,10450,456000,-0.03240740740740744
2021-01-08,10450,10550,10150,10200,505676,-0.02392344497607657
2021-01-11,10350,10600,9990,10450,649833,0.02450980392156854
2021-01-12,10450,10550,10250,10400,225916,-0.004784688995215336
2021-01-13,10400,10550,10200,10400,218549,0.0
2021-01-14,10450,10500,10250,10300,237343,-0.009615384615384581
2021-01-15,10300,10750,10200,10500,487454,0.01941747572815533
2021-01-18,10600,11100,10400,10500,1362370,0.0
2021-01-19,10650,11050,10550,11000,785628,0.04761904761904767
2021-01-20,10900,11100,10650,11100,701053,0.009090909090909038
2021-01-21,11000,11150,10900,10900,436212,-0.018018018018018056
2021-01-22,10950,11250,10900,11250,342131,0.032110091743119185
2021-01-25,11300,11350,10900,11000,316725,-0.022222222222222254
2021-01-26,11200,11600,11100,11100,754604,0.009090909090909038
2021-01-27,11350,11600,11300,11500,628704,0.03603603603603611
2021-01-28,11200,11300,10850,11000,381187,-0.04347826086956519
2021-01-29,11100,11150,10300,10650,407916,-0.03181818181818186
2021-02-01,10350,10850,10350,10750,170097,0.009389671361502261
2021-02-02,10800,10900,10550,10700,150434,-0.0046511627906976605
2021-02-03,10700,10750,10500,10600,153935,-0.009345794392523366
2021-02-04,10600,10750,10400,10650,201703,0.004716981132075526
2021-02-05,10650,10650,10350,10500,203357,-0.014084507042253502
2021-02-08,10650,10650,10450,10500,153744,0.0
2021-02-09,10400,10600,10400,10550,112344,0.004761904761904745
2021-02-10,10500,10600,10400,10600,94361,0.004739336492890933
2021-02-15,10650,10700,10450,10650,193865,0.004716981132075526
2021-02-16,10650,10650,10400,10550,232925,-0.009389671361502372
2021-02-17,10550,10650,10300,10550,248908,0.0
2021-02-18,10600,11100,10550,11050,413510,0.04739336492891
2021-02-19,11100,11100,10500,10600,341911,-0.040723981900452455
2021-02-22,10600,10600,10350,10400,212889,-0.018867924528301883
2021-02-23,10300,10450,10200,10400,149109,0.0
2021-02-24,10300,10400,10050,10100,182034,-0.028846153846153855
2021-02-25,10200,10250,9990,10100,273505,0.0
2021-02-26,9900,9940,9500,9830,288196,-0.026732673267326756
2021-03-02,9920,10350,9880,10200,219850,0.03763987792472023
2021-03-03,10100,10300,10050,10300,63651,0.009803921568627416
2021-03-04,10100,10300,9990,10150,147425,-0.014563106796116498
2021-03-05,10050,10100,9940,10100,81958,-0.0049261083743842304
2021-03-08,10050,10150,9840,9850,138955,-0.024752475247524774
2021-03-09,9710,9860,9350,9500,248261,-0.035532994923857864
2021-03-10,9460,9650,9460,9590,127111,0.0094736842105263
2021-03-11,9630,9740,9530,9740,68641,0.01564129301355588
2021-03-12,9790,9960,9750,9800,56628,0.006160164271047153
2021-03-15,9800,9800,9640,9700,67193,-0.010204081632653073
2021-03-16,9720,9950,9720,9840,87961,0.014432989690721598
2021-03-17,9840,9840,9610,9720,103714,-0.012195121951219523
2021-03-18,9570,9750,9570,9690,168320,-0.0030864197530864335
2021-03-19,9510,9660,9510,9570,104918,-0.012383900928792602
2021-03-22,9570,9660,9530,9530,64960,-0.004179728317659337
2021-03-23,9540,9630,9300,9390,182501,-0.014690451206715638
2021-03-24,9390,9540,9250,9480,127077,0.009584664536741228
2021-03-25,9470,9470,9200,9320,91330,-0.016877637130801704
2021-03-26,9320,9400,9150,9230,120570,-0.00965665236051505
2021-03-29,9230,9230,9050,9100,118881,-0.014084507042253502
2021-03-30,9100,9360,9090,9240,64500,0.01538461538461533
2021-03-31,9320,9320,9040,9160,129357,-0.008658008658008698
2021-04-01,9100,9770,9090,9740,280530,0.06331877729257651
2021-04-02,9780,9820,9610,9800,142429,0.006160164271047153
2021-04-05,9810,9830,9700,9770,105685,-0.003061224489795955
2021-04-06,9760,9800,9520,9680,88204,-0.0092118730808598
2021-04-07,9670,10550,9620,10350,488794,0.06921487603305776
2021-04-08,10400,10850,10150,10350,287129,0.0
2021-04-09,10550,10850,10250,10750,260074,0.03864734299516903
2021-04-12,10800,10950,10450,10650,120634,-0.009302325581395321
2021-04-13,10600,10600,10350,10500,90130,-0.014084507042253502
2021-04-14,10450,10500,10350,10500,82352,0.0
2021-04-15,10500,10600,10350,10600,74861,0.00952380952380949
2021-04-16,10550,10600,10250,10300,145859,-0.028301886792452824
2021-04-19,10300,10450,10150,10350,144956,0.004854368932038833
2021-04-20,10300,10300,10150,10250,106728,-0.009661835748792313
2021-04-21,10250,10400,10100,10200,77993,-0.004878048780487809
2021-04-22,10200,10800,10150,10600,273423,0.03921568627450989
2021-04-23,10550,10800,10400,10500,147007,-0.009433962264150941
2021-04-26,10500,10500,10200,10350,123617,-0.014285714285714235
2021-04-27,10200,10300,9990,10000,284302,-0.033816425120772986
2021-04-28,10000,10100,9860,9860,118858,-0.014000000000000012
2021-04-29,9840,10050,9800,9850,114653,-0.0010141987829614951
2021-04-30,9850,10050,9820,9880,85968,0.003045685279187804
2021-05-03,9880,10150,9880,9930,93813,0.005060728744939347
2021-05-04,9930,10050,9900,9970,73171,0.004028197381671594
2021-05-06,9970,10050,9920,9970,64841,0.0
2021-05-07,9970,10100,9970,10050,107105,0.008024072216650024
2021-05-10,10650,10650,10350,10450,559178,0.03980099502487566
2021-05-11,10400,10600,10250,10500,193651,0.004784688995215225
2021-05-12,10350,10800,10050,10800,496108,0.02857142857142847
2021-05-13,10450,11000,10450,11000,346894,0.0185185185185186
2021-05-14,11100,11450,10750,11300,684469,0.027272727272727337
2021-05-17,11400,11550,11150,11350,377040,0.004424778761061843
2021-05-18,11400,11400,11050,11300,285355,-0.004405286343612369
2021-05-20,11250,11450,11050,11400,364879,0.008849557522123908
2021-05-21,11300,11350,10850,11150,393336,-0.021929824561403466
2021-05-24,11100,11300,11000,11150,77188,0.0
2021-05-25,11150,11300,10800,11000,162391,-0.013452914798206317
2021-05-26,11000,11050,10800,11000,121771,0.0
2021-05-27,10950,11250,10750,10900,194138,-0.009090909090909038
2021-05-28,10850,10950,10700,10850,192612,-0.004587155963302725
2021-05-31,10850,10950,10700,10850,92163,0.0
2021-06-01,10900,10900,10700,10700,158375,-0.01382488479262678
2021-06-02,10750,10850,10500,10800,287543,0.009345794392523255
2021-06-03,10750,10900,10600,10750,194672,-0.00462962962962965
2021-06-04,10750,10850,10600,10650,166245,-0.009302325581395321
2021-06-07,10700,10700,10400,10550,178609,-0.009389671361502372
2021-06-08,10550,10550,10350,10450,149423,-0.009478672985781977
2021-06-09,10500,10750,10450,10700,199337,0.02392344497607657
2021-06-10,10650,10950,10600,10950,148139,0.02336448598130847
2021-06-11,11200,12350,11050,11900,3205497,0.08675799086757996
2021-06-14,11750,11900,11450,11650,786990,-0.021008403361344574
2021-06-15,11550,12150,11500,11600,877912,-0.0042918454935622075
2021-06-16,11500,11750,11500,11650,276833,0.004310344827586299
2021-06-17,11550,12000,11550,11600,652686,-0.0042918454935622075
2021-06-18,11700,12050,11650,11900,683504,0.02586206896551735
2021-06-21,11850,12000,11650,11700,726104,-0.01680672268907568
2021-06-22,11800,11850,11550,11650,408680,-0.004273504273504258
2021-06-23,11650,11650,11050,11150,713426,-0.0429184549356223
2021-06-24,11050,11050,10800,10850,377660,-0.026905829596412523
2021-06-25,10800,11150,10800,11050,448462,0.018433179723502224
2021-06-28,10950,11100,10850,10950,238214,-0.009049773755656076
2021-06-29,11050,11350,10950,11250,274246,0.027397260273972712
2021-06-30,11450,11900,11200,11800,714366,0.04888888888888898
2021-07-01,11800,11900,11600,11850,317842,0.004237288135593209
2021-07-02,11900,12700,11850,12550,1862046,0.05907172995780585
2021-07-05,12800,12850,12200,12550,1126526,0.0
2021-07-06,12400,12650,12250,12250,563212,-0.0239043824701195
2021-07-07,12200,12700,12150,12650,490722,0.03265306122448974
2021-07-08,12650,13350,12250,13000,1398464,0.027667984189723382
2021-07-09,12800,13000,12600,12750,435491,-0.019230769230769273
2021-07-12,12800,12950,12650,12650,281315,-0.007843137254901933
2021-07-13,12650,12850,12200,12450,378823,-0.015810276679841917
2021-07-14,12350,12650,12150,12250,280487,-0.016064257028112428
2021-07-15,12250,12700,12150,12500,269291,0.020408163265306145
2021-07-16,12400,12600,12150,12600,238693,0.008000000000000007
2021-07-19,12400,12850,12400,12700,212412,0.007936507936507908
2021-07-20,12500,12800,12450,12600,224035,-0.007874015748031482
2021-07-21,12750,12750,12200,12300,195526,-0.023809523809523836
2021-07-22,12350,12450,12050,12150,266904,-0.012195121951219523
2021-07-23,12150,12450,12050,12050,175702,-0.008230452674897082
2021-07-26,12100,12350,12100,12250,143599,0.016597510373443924
2021-07-27,12150,12300,12000,12250,120682,0.0
2021-07-28,12250,12350,11900,11950,151505,-0.024489795918367308
2021-07-29,12000,12550,11950,12550,262678,0.05020920502092041
2021-07-30,12500,12550,12200,12200,129983,-0.027888446215139417
2021-08-02,12200,12400,12150,12300,71435,0.008196721311475308
2021-08-03,12300,12350,11750,12000,317431,-0.024390243902439046
2021-08-04,11950,12250,11950,12100,67313,0.008333333333333304
2021-08-05,12100,12200,11950,12150,94085,0.004132231404958775
2021-08-06,12200,12200,11950,12000,95418,-0.012345679012345734
2021-08-09,12000,12150,11800,11950,132904,-0.004166666666666652
2021-08-10,11850,11950,11400,11800,293322,-0.012552301255230103
2021-08-11,11600,12050,11550,12000,142753,0.016949152542372836
2021-08-12,12250,12700,12200,12350,393685,0.029166666666666563
2021-08-13,12250,12500,11950,12350,169526,0.0
2021-08-17,12000,12100,11500,11600,321238,-0.06072874493927127
2021-08-18,11350,11750,11350,11500,184944,-0.008620689655172376
2021-08-19,11500,11550,10700,10850,257659,-0.05652173913043479
2021-08-20,10800,10950,10300,10400,359226,-0.04147465437788023
2021-08-23,10450,10700,10400,10650,133062,0.024038461538461453
2021-08-24,10650,11000,10600,10750,138287,0.009389671361502261
2021-08-25,10750,10950,10550,10850,114892,0.009302325581395321
2021-08-26,10850,11150,10750,11100,158973,0.02304147465437789
2021-08-27,11150,11450,11050,11300,197145,0.018018018018018056
2021-08-30,11300,11450,11000,11350,106359,0.004424778761061843
2021-08-31,11550,11900,11450,11700,399823,0.03083700440528636
2021-09-01,11750,11800,11450,11500,96160,-0.017094017094017144
2021-09-02,11500,11500,11150,11250,129878,-0.021739130434782594
2021-09-03,11200,11450,11100,11150,204818,-0.008888888888888835
2021-09-06,11250,11250,10950,11250,137585,0.008968609865470878
2021-09-07,11200,11250,11000,11150,110365,-0.008888888888888835
2021-09-08,11150,11150,10800,10850,177454,-0.026905829596412523
2021-09-09,10750,10900,10650,10850,159266,0.0
2021-09-10,10800,11000,10750,10950,86030,0.009216589861751112
2021-09-13,10850,11150,10700,11100,154028,0.013698630136986356
2021-09-14,11100,11150,10850,10950,97734,-0.013513513513513487
2021-09-15,10900,10950,10550,10650,251167,-0.0273972602739726
2021-09-16,10650,10750,10550,10550,90969,-0.009389671361502372
2021-09-17,10550,10650,10400,10550,93732,0.0
2021-09-23,10400,10750,10350,10700,118330,0.014218009478673022
2021-09-24,10700,10750,10450,10600,118021,-0.009345794392523366
2021-09-27,10600,10900,10450,10850,128604,0.02358490566037741
2021-09-28,10800,10800,10400,10550,99239,-0.027649769585253448
2021-09-29,10250,10450,10150,10400,188961,-0.014218009478673022
2021-09-30,10300,10500,10250,10250,95186,-0.014423076923076872
2021-10-01,10100,10350,10050,10200,120261,-0.004878048780487809
