Date,Open,High,Low,Close,Volume,Change
2012-07-19,9118,10479,7840,8026,3813851,
2012-07-20,8209,8733,7639,8090,1697256,0.007974084226264555
2012-07-23,8410,8567,7804,7805,887403,-0.03522867737948088
2012-07-24,7721,7785,6765,6858,1151128,-0.12133247918001278
2012-07-25,6821,7198,6518,6518,633059,-0.049577136191309434
2012-07-26,6627,6710,6186,6307,468195,-0.03237189321877876
2012-07-27,6674,7243,6498,7244,750759,0.14856508641192323
2012-07-30,7492,8043,7050,7318,2225485,0.010215350635008225
2012-07-31,7243,7437,7124,7410,612325,0.012571740912817653
2012-08-01,7371,7436,7087,7152,336681,-0.034817813765182226
2012-08-02,7096,7124,6600,6619,360269,-0.07452460850111853
2012-08-03,6526,6747,6333,6674,197276,0.008309412297930141
2012-08-06,6848,7170,6646,6674,164840,0.0
2012-08-07,6894,7666,6801,7263,1221101,0.08825292178603528
2012-08-08,7354,7667,7105,7171,331988,-0.012666942034971762
2012-08-09,7280,7455,7124,7355,238403,0.02565890391856085
2012-08-10,7445,7537,7187,7373,209664,0.002447314751869545
2012-08-13,7446,7565,7336,7474,160453,0.013698630136986356
2012-08-14,7583,7804,7446,7676,500065,0.027027027027026973
2012-08-16,7813,7832,7437,7502,231747,-0.02266805627931212
2012-08-17,7537,8126,7372,8007,867535,0.06731538256464953
2012-08-20,8079,8079,7859,7998,208778,-0.0011240164855751411
2012-08-21,8052,8668,7868,8495,487920,0.06214053513378337
2012-08-22,8549,8880,8338,8724,275526,0.02695703354914647
2012-08-23,8724,8769,8494,8669,161112,-0.006304447501146226
2012-08-24,8659,8677,8199,8522,142074,-0.01695697312262079
2012-08-27,8410,8475,8181,8274,127514,-0.029101149964796957
2012-08-28,8254,8824,8245,8770,268061,0.05994682136814111
2012-08-29,9008,9192,8760,9046,344628,0.0314709236031927
2012-08-30,9146,10388,9072,10388,871789,0.14835286314393104
2012-08-31,10846,11766,10388,10434,1651817,0.004428186368887088
2012-09-03,10434,10894,10250,10894,429932,0.04408663983132066
2012-09-04,10894,11538,10388,10756,525941,-0.012667523407380199
2012-09-05,10847,10940,10066,10067,293808,-0.06405727036072895
2012-09-06,10249,10893,10157,10572,319878,0.05016390185755437
2012-09-07,10985,10985,10249,10526,355491,-0.004351116155883461
2012-09-10,10434,11169,10204,10894,396407,0.03496104883146489
2012-09-11,10755,11215,10664,10802,245401,-0.00844501560492017
2012-09-12,11122,11995,10755,11032,906902,0.021292353267913455
2012-09-13,11122,11444,10709,10986,301038,-0.004169688179840425
2012-09-14,11077,11077,10111,10297,348496,-0.06271618423448022
2012-09-17,10249,10433,9973,10251,198589,-0.004467320578809386
2012-09-18,10249,10571,10019,10572,170015,0.03131401814457124
2012-09-19,10571,10709,10249,10434,161227,-0.013053348467650383
2012-09-20,10480,11353,10388,11216,505118,0.0749472877132451
2012-09-21,11307,11629,11078,11630,289465,0.036911554921540635
2012-09-24,11721,11905,11353,11354,263598,-0.023731728288908016
2012-09-25,11260,11766,10433,10848,247107,-0.04456579179143916
2012-09-26,10801,11031,10617,10848,141214,0.0
2012-09-27,10755,10847,10020,10067,197377,-0.0719948377581121
2012-09-28,10111,10433,9835,10434,128000,0.036455746498460284
2012-10-02,10341,10617,10066,10434,79532,0.0
2012-10-04,10709,10893,10433,10572,78679,0.01322599194939622
2012-10-05,10479,11306,10479,11308,228271,0.06961785849413538
2012-10-08,11307,12962,11215,12963,788882,0.14635656172621148
2012-10-09,13467,13467,12502,12825,605494,-0.01064568386947462
2012-10-10,12686,12869,12226,12549,355797,-0.021520467836257273
2012-10-11,12593,12731,11858,12181,337310,-0.029325045820384088
2012-10-12,12134,12778,12089,12779,309615,0.0490928495197438
2012-10-15,12778,12870,11537,12089,289799,-0.05399483527662574
2012-10-16,12133,12271,11537,12043,131912,-0.003805112085366824
2012-10-17,12318,12824,11813,12825,311122,0.06493398654820237
2012-10-18,12824,13283,11996,11997,278770,-0.06456140350877193
2012-10-19,11950,12548,11858,12457,201805,0.03834291906309906
2012-10-22,12133,13604,12088,13192,486726,0.0590029702175483
2012-10-23,13145,14156,13145,14020,497954,0.0627653123104912
2012-10-24,13698,14571,13651,14571,299063,0.03930099857346647
2012-10-25,14663,14709,13145,13238,289744,-0.09148308283576967
2012-10-26,13191,13421,12731,13284,222043,0.003474845142770855
2012-10-29,13329,13605,12593,12871,147871,-0.03109003312255343
2012-10-30,12870,13376,12870,13376,108254,0.03923549063786802
2012-10-31,13421,14616,13376,14250,361940,0.06534090909090917
2012-11-01,14340,14800,14111,14479,429306,0.016070175438596568
2012-11-02,14938,15122,14432,14893,239120,0.028593134885005922
2012-11-05,14709,14892,14341,14525,129944,-0.02470959511179749
2012-11-06,14479,15077,14479,14939,146904,0.028502581755593726
2012-11-07,14847,15030,14203,14525,133889,-0.027712698306446182
2012-11-08,14202,15536,14111,15353,148772,0.05700516351118767
2012-11-09,15260,16041,14985,15996,187601,0.04188106558978699
2012-11-12,16041,16317,15720,15996,120191,0.0
2012-11-13,16087,16087,15076,15169,171088,-0.05170042510627659
2012-11-14,15536,15536,14571,14663,148846,-0.033357505438723734
2012-11-15,14294,14984,14294,14755,121288,0.0062742958466890375
2012-11-16,14525,14754,13145,13652,231220,-0.07475432056929854
2012-11-19,13789,13836,13421,13652,96902,0.0
2012-11-20,14018,14202,13283,13744,197986,0.006738939349545836
2012-11-21,14203,15306,13789,13790,314533,0.003346915017462093
2012-11-22,14019,14571,12962,13560,225332,-0.01667875271936181
2012-11-23,13467,13651,13007,13560,72664,0.0
2012-11-26,13698,13698,12686,12687,83203,-0.06438053097345131
2012-11-27,12503,12916,11996,12917,194766,0.01812879325293615
2012-11-28,12962,13514,12686,13376,70344,0.03553456684988765
2012-11-29,13467,13560,13191,13422,41366,0.0034389952153111025
2012-11-30,13421,13467,12916,13146,51048,-0.020563254358515914
2012-12-03,13145,13789,12824,13790,81134,0.048988285410010546
2012-12-04,13743,14111,13605,13790,63922,0.0
2012-12-05,13789,13927,13329,13468,66124,-0.023350253807106647
2012-12-06,13283,13651,12731,13192,59265,-0.020493020493020486
2012-12-07,13237,13421,12502,12733,85020,-0.03479381443298968
2012-12-10,13007,13053,12226,12595,58097,-0.010837980051833784
2012-12-11,12502,12686,11904,12273,76251,-0.02556570067487096
2012-12-12,12271,12318,11675,12181,92746,-0.007496129715635957
2012-12-13,12042,12869,12042,12457,101511,0.02265823823988189
2012-12-14,12272,12686,11951,12273,48973,-0.014770811591876098
2012-12-17,12272,12409,11951,11997,34891,-0.022488389146907872
2012-12-18,11951,12134,11491,11492,36763,-0.04209385679753275
2012-12-20,11537,11996,11537,11630,43124,0.012008353637313007
2012-12-21,11858,11858,11445,11630,38143,0.0
2012-12-24,11537,12133,11537,12043,61727,0.03551160791057617
2012-12-26,13283,13743,12410,12411,423048,0.030557170140330436
2012-12-27,12455,13283,12133,13192,153091,0.06292804769962124
2012-12-28,13053,13605,12869,13330,66460,0.01046088538508183
2013-01-02,13467,13467,12869,13009,107096,-0.024081020255063756
2013-01-03,13100,13145,12227,12227,144383,-0.06011222999461907
2013-01-04,12364,12502,11720,12319,106049,0.007524331397726236
2013-01-07,12272,12732,12043,12641,46520,0.026138485266661293
2013-01-08,12640,12732,12318,12503,25594,-0.01091685784352503
2013-01-09,12409,12593,12180,12181,37512,-0.025753819083420004
2013-01-10,12272,12410,11813,12365,36406,0.015105492159921186
2013-01-11,12409,13145,12364,12871,113979,0.04092195713708047
2013-01-14,13007,13007,12640,12825,35325,-0.0035739258798850315
2013-01-15,12869,12869,12042,12595,58105,-0.017933723196881135
2013-01-16,12502,13007,12134,12871,78653,0.02191345772131803
2013-01-17,12869,13191,12502,13192,63295,0.024939787118328116
2013-01-18,13192,14249,12962,13928,173251,0.05579138872043665
2013-01-21,13973,14019,13560,13560,59984,-0.02642159678345779
2013-01-22,13560,13881,13467,13514,30970,-0.003392330383480857
2013-01-23,13560,14663,13560,14112,157897,0.044250406985348434
2013-01-24,14294,14478,13973,14020,53785,-0.0065192743764171945
2013-01-25,14019,14065,13560,13790,67724,-0.016405135520684788
2013-01-28,13881,14387,13881,13928,89123,0.010007251631617198
2013-01-29,13973,14524,13973,14066,100406,0.009908098793796727
2013-01-30,14065,14111,13605,14112,39718,0.003270297170482106
2013-01-31,14156,14340,13743,14158,33225,0.0032596371882085418
2013-02-01,14249,14249,13743,13882,40299,-0.0194942788529453
2013-02-04,13789,14065,13467,13514,45212,-0.02650914853767472
2013-02-05,13421,13605,13054,13238,32504,-0.020423264762468585
2013-02-06,13145,13789,13007,13606,55944,0.027798761142166395
2013-02-07,13743,13789,13283,13514,21456,-0.006761722769366485
2013-02-08,13697,13697,13238,13422,26401,-0.006807754920822862
2013-02-12,13329,13560,13145,13422,18559,0.0
2013-02-13,13283,13605,13238,13422,32097,0.0
2013-02-14,13560,14156,13283,14158,95513,0.054835344956042364
2013-02-15,14249,14571,13973,14112,326817,-0.0032490464754908466
2013-02-18,14249,14892,14249,14893,196644,0.05534297052154202
2013-02-19,14800,14938,14524,14755,91292,-0.00926609816692403
2013-02-20,14892,14892,14386,14617,68841,-0.009352761775669238
2013-02-21,14708,14708,14064,14342,107622,-0.018813710063624534
2013-02-22,14249,14847,14065,14709,126233,0.025589178636173493
2013-02-25,14662,14984,14387,14434,68071,-0.01869603644027462
2013-02-26,14432,14616,14111,14434,28761,0.0
2013-02-27,14571,15122,14249,14893,153810,0.03179991686296235
2013-02-28,14985,15076,14432,14663,79365,-0.015443496944873458
2013-03-04,14801,14801,14157,14250,68823,-0.028166132442201453
2013-03-05,14203,14387,14065,14296,73478,0.00322807017543858
2013-03-06,14294,14432,13973,14342,50383,0.0032176832680470557
2013-03-07,14157,14294,13973,14250,30339,-0.006414725979640212
2013-03-08,14111,14340,14064,14342,23008,0.00645614035087716
2013-03-11,14386,14386,13697,14342,55178,0.0
2013-03-12,14340,14662,14156,14479,76569,0.009552363687072907
2013-03-13,14386,14662,14156,14479,46689,0.0
2013-03-14,14616,14616,14294,14617,41767,0.009531044961668567
2013-03-15,14616,15443,14478,15353,195285,0.05035232947937329
2013-03-18,15168,15721,14939,14939,158362,-0.026965413925617132
2013-03-19,15030,15720,14985,15675,87082,0.04926701921145993
2013-03-20,15583,15950,15444,15675,78482,0.0
2013-03-21,15720,15950,15352,15721,71707,0.0029346092503987897
2013-03-22,15720,15765,15260,15583,60794,-0.008778067552954627
2013-03-25,15811,15811,15167,15215,60927,-0.023615478405955237
2013-03-26,15260,15260,14846,15169,53583,-0.00302333223792306
2013-03-27,15489,15765,15167,15629,99147,0.030325004944294243
2013-03-28,15628,15858,15443,15721,41671,0.005886493057777109
2013-03-29,15720,15996,15536,15721,42955,0.0
2013-04-01,15582,15995,15167,15353,88100,-0.023408180141212376
2013-04-02,15398,15628,14341,14801,138419,-0.03595388523415621
2013-04-03,14938,15030,14432,14893,71271,0.0062157962299844716
2013-04-04,14938,14938,14111,14388,109349,-0.033908547639830755
2013-04-05,14478,14800,14064,14066,77179,-0.022379760911870994
2013-04-08,14064,14340,13053,13055,93623,-0.07187544433385473
2013-04-09,13100,13651,11766,13146,118241,0.006970509383378065
2013-04-10,13283,13467,13007,13238,18990,0.0069983264871442685
2013-04-11,13191,13513,12915,13330,43539,0.00694969028554171
2013-04-12,13376,13605,13238,13376,44400,0.0034508627156788485
2013-04-15,13421,13698,13330,13376,44576,0.0
2013-04-16,13420,13420,12869,13055,38820,-0.02399820574162681
2013-04-17,12962,13192,12134,12503,93921,-0.04228265032554579
2013-04-18,12548,12731,12318,12411,79285,-0.007358234023834287
2013-04-19,12318,12640,12042,12411,71886,0.0
2013-04-22,12410,12502,12226,12411,31834,0.0
2013-04-23,12502,13375,12409,13055,103379,0.05188945290468139
2013-04-24,13329,13329,12732,12963,48406,-0.007047108387590928
2013-04-25,13008,13514,13008,13514,120324,0.04250559284116329
2013-04-26,13513,13973,13283,13836,129095,0.02382714222287996
2013-04-29,13789,13973,13697,13882,72822,0.003324660306446958
2013-04-30,13836,13927,13283,13514,87296,-0.02650914853767472
2013-05-02,13513,13927,13421,13836,78033,0.02382714222287996
2013-05-03,13974,14112,13790,13928,71354,0.006649320612893916
2013-05-06,14065,14065,13790,13928,32443,0.0
2013-05-07,13927,13927,13467,13698,99091,-0.016513497989661063
2013-05-08,13743,14019,13560,13652,55874,-0.003358154475105901
2013-05-09,13743,13927,13605,13698,74887,0.003369469674773029
2013-05-10,13605,14249,13605,13882,168690,0.013432617900423383
2013-05-13,13880,14018,13651,13882,62761,0.0
2013-05-14,13881,14341,13514,13790,170443,-0.006627287134418625
2013-05-15,13743,13881,13514,13652,38774,-0.010007251631617087
2013-05-16,13605,13651,12869,13009,268582,-0.04709932610606504
2013-05-20,13053,13467,12640,13468,90403,0.03528326543162419
2013-05-21,13605,14525,13375,14158,190711,0.05123255123255133
2013-05-22,14156,14662,13927,14571,115472,0.029170786834298523
2013-05-23,14571,14846,14432,14479,105873,-0.0063139111934664705
2013-05-24,14478,14938,14478,14755,33983,0.019062089923337355
2013-05-27,14985,14985,14294,14388,72484,-0.02487292443239575
2013-05-28,14525,14847,14387,14801,65264,0.028704475952182396
2013-05-29,14800,15076,14525,14571,57057,-0.015539490574961179
2013-05-30,14571,14846,14249,14342,53255,-0.015716148514172024
2013-05-31,14387,14387,13468,13928,117203,-0.02886626690838101
2013-06-03,13742,14018,13421,13606,25005,-0.02311889718552551
2013-06-04,13605,13605,12824,13284,86434,-0.023666029692782642
2013-06-05,13238,13238,12732,12779,49677,-0.03801565793435713
2013-06-07,12640,12962,11996,12595,65674,-0.014398622740433575
2013-06-10,12226,12869,12226,12457,62861,-0.010956728860659015
2013-06-11,12640,13053,12271,12871,37723,0.033234326081721166
2013-06-12,12686,13145,12686,13009,26730,0.010721777639655095
2013-06-13,13100,13100,12502,12779,31155,-0.01768006764547625
2013-06-14,13100,13100,12410,12411,25820,-0.02879724548086704
2013-06-17,12686,12686,11720,12135,58783,-0.02223833695914912
2013-06-18,12226,12409,11996,12181,35540,0.0037906880922951025
2013-06-19,12272,12272,11767,11905,55677,-0.02265823823988178
2013-06-20,11721,11905,11353,11630,45789,-0.023099538009239806
2013-06-21,11537,11537,10755,11124,113705,-0.04350816852966466
2013-06-24,11077,11444,11031,11124,36698,0.0
2013-06-25,10985,11491,10296,10756,66104,-0.03308162531463499
2013-06-26,10847,11353,10755,11216,48570,0.04276682781703234
2013-06-27,11629,11629,11123,11216,58425,0.0
2013-06-28,11353,11628,11215,11584,65405,0.032810271041369576
2013-07-01,11583,11996,11537,11951,46103,0.031681629834254155
2013-07-02,12134,12824,11904,12411,106695,0.03849050288678768
2013-07-03,12410,12824,12180,12503,63919,0.007412778986383151
2013-07-04,12502,13007,12410,12963,60595,0.036791170119171435
2013-07-05,13100,13100,12778,12917,33005,-0.0035485612898248364
2013-07-08,12777,13053,12318,13055,42151,0.010683595262057644
2013-07-09,12915,13191,12731,12871,14835,-0.014094216775181967
2013-07-10,12686,13329,12686,13330,45246,0.03566156475798299
2013-07-11,13329,13467,13191,13422,23608,0.006901725431357919
2013-07-12,13421,13605,13145,13606,24755,0.013708836239010536
2013-07-15,13514,13652,13330,13376,11977,-0.016904306923416157
2013-07-16,13467,13514,12916,12963,32964,-0.030876196172248793
2013-07-17,12962,13100,12778,12963,18622,0.0
2013-07-18,12870,13008,12410,12503,29642,-0.03548561289824881
2013-07-19,12594,12778,12502,12503,20704,0.0
2013-07-22,12456,12824,12456,12549,8693,0.0036791170119170324
2013-07-23,12456,12640,11951,12135,33823,-0.032990676547932085
2013-07-24,12133,12364,11950,12319,9546,0.015162752369179966
2013-07-25,12364,12456,12088,12273,8564,-0.0037340693238087086
2013-07-26,12272,12272,11858,11951,22986,-0.02623645400472585
2013-07-29,11951,12180,11813,12089,19670,0.011547150866036304
2013-07-30,12043,12410,11905,12365,22904,0.022830672512201167
2013-07-31,12134,12364,11996,11997,12942,-0.029761423372422158
2013-08-01,11905,12089,11399,11492,134204,-0.04209385679753275
2013-08-02,11398,11628,11168,11170,28142,-0.028019491820396758
2013-08-05,10939,11490,10939,11308,26180,0.01235452103849588
2013-08-06,11306,11582,11306,11584,5479,0.024407499115670417
2013-08-07,11675,11675,11260,11308,12843,-0.023825966850828717
2013-08-08,11307,11537,10985,11262,35514,-0.004067916519278403
2013-08-09,11353,11537,11122,11262,16694,0.0
2013-08-12,11260,11306,11031,11170,19556,-0.008169064109394442
2013-08-13,11077,11215,10847,10940,17521,-0.020590868397493245
2013-08-14,10940,11123,10940,10940,10679,0.0
2013-08-16,10755,11077,10755,10940,11269,0.0
2013-08-19,10893,11031,10801,10986,19530,0.004204753199268829
2013-08-20,10893,11169,10526,10802,26011,-0.016748589113417034
2013-08-21,10802,10847,10158,10342,32226,-0.04258470653582669
2013-08-22,10295,10433,9559,9883,197573,-0.04438213111583833
2013-08-23,9790,9928,9422,9423,71639,-0.046544571486390796
2013-08-26,9560,9697,9330,9423,77760,0.0
2013-08-27,9330,9422,9155,9377,89787,-0.004881672503448953
2013-08-28,9284,9377,9027,9028,59902,-0.03721872667164339
2013-08-29,9182,9422,9100,9423,65812,0.043752769162605176
2013-08-30,9422,9469,9193,9331,42812,-0.009763345006898017
2013-09-02,9238,9515,9238,9377,21027,0.004929803879541339
2013-09-03,9469,9653,9377,9607,28278,0.024528100671856734
2013-09-04,9606,9698,9284,9377,25445,-0.02394087644425935
2013-09-05,9331,9331,9009,9193,70057,-0.019622480537485387
2013-09-06,9237,9284,9146,9285,34417,0.010007614489285332
2013-09-09,9192,9330,9127,9285,44190,0.0
2013-09-10,9376,9514,9146,9285,61520,0.0
2013-09-11,9284,9377,9091,9193,36480,-0.009908454496499686
2013-09-12,9284,9514,9063,9423,49172,0.02501903622321322
2013-09-13,9330,10019,9330,9561,194553,0.01464501751034697
2013-09-16,9559,9652,9165,9175,59894,-0.04037234598891326
2013-09-17,9100,9237,9008,9147,49372,-0.0030517711171662576
2013-09-23,9138,9147,8733,8789,72079,-0.03913851536022739
2013-09-24,8706,8779,8457,8734,62874,-0.006257822277847325
2013-09-25,8761,8843,8687,8734,40297,0.0
2013-09-26,8733,8816,8706,8734,26008,0.0
2013-09-27,8733,8843,8595,8734,37509,0.0
2013-09-30,8733,8825,8549,8596,38184,-0.015800320586214833
2013-10-01,8696,8696,8273,8329,82823,-0.0310609585853886
2013-10-02,8337,8410,8209,8274,46552,-0.006603433785568491
2013-10-04,8254,8586,8217,8274,14817,0.0
2013-10-07,8217,8420,8199,8274,22297,0.0
2013-10-08,8209,8292,8144,8292,11782,0.002175489485134241
2013-10-10,8292,8540,8282,8458,26612,0.020019295706705353
2013-10-11,8539,8539,8346,8412,11228,-0.0054386379758808445
2013-10-14,8383,8493,8365,8366,9416,-0.005468378506894966
2013-10-15,8429,8512,8245,8302,22207,-0.007650011953143632
2013-10-16,8254,8347,8227,8283,7770,-0.0022886051553842046
2013-10-17,8365,8365,8089,8256,32497,-0.003259688518652659
2013-10-18,8190,8281,8135,8274,7231,0.0021802325581394832
2013-10-21,8246,8439,8227,8320,10363,0.005559584239787307
2013-10-22,8282,8338,8273,8292,18812,-0.0033653846153846034
2013-10-23,8273,8401,8135,8274,22386,-0.0021707670043414895
2013-10-24,8273,8355,8190,8357,8615,0.010031423737007383
2013-10-25,8375,8733,8356,8596,36094,0.028598779466315616
2013-10-28,8595,8687,8466,8669,24319,0.008492322010237308
2013-10-29,8659,8659,8503,8614,18193,-0.0063444457261506715
2013-10-30,8567,8604,8393,8504,15263,-0.012769909449732997
2013-10-31,8504,8623,8347,8430,20757,-0.008701787394167493
2013-11-01,8365,8531,7978,8357,34003,-0.008659549228944297
2013-11-04,8457,8457,8071,8081,29271,-0.03302620557616365
2013-11-05,8089,8162,7537,7952,83428,-0.015963370869941818
2013-11-06,7914,7950,7749,7860,19978,-0.011569416498994012
2013-11-07,7786,7933,7722,7851,17040,-0.0011450381679389832
2013-11-08,7942,7942,7537,7658,37926,-0.024582855687173555
2013-11-11,7667,7786,7427,7667,15518,0.0011752415774353153
2013-11-12,7474,7584,6830,7033,300989,-0.08269205686709269
2013-11-13,6894,7022,6627,6987,124549,-0.00654059434096399
2013-11-14,6986,7115,6848,6895,37154,-0.013167310719908398
2013-11-15,6986,7538,6959,7143,86234,0.035968092820884756
2013-11-18,7262,7437,7041,7106,25000,-0.0051798964020719485
2013-11-19,7242,7242,6921,6987,14382,-0.01674641148325362
2013-11-20,6985,7022,6728,6821,16886,-0.023758408472878245
2013-11-21,6820,6985,6746,6821,13012,0.0
2013-11-22,6894,6985,6756,6849,5661,0.004104969945755821
2013-11-25,6931,6977,6628,6628,13005,-0.03226748430427795
2013-11-26,6627,6856,6618,6794,22241,0.025045262522631173
2013-11-27,6801,7261,6792,6987,33130,0.028407418310273824
2013-11-28,7160,7345,7041,7171,50230,0.026334621439816797
2013-11-29,7179,7519,7151,7345,27703,0.02426439827081306
2013-12-02,7299,7482,7299,7382,5044,0.005037440435670559
2013-12-03,7363,7427,7179,7235,7883,-0.01991330262801405
2013-12-04,7198,7198,6903,7134,14968,-0.013959917069799599
2013-12-05,7096,7225,6994,7208,6897,0.010372862349313117
2013-12-06,7060,7299,7060,7171,15784,-0.005133185349611491
2013-12-09,7215,7215,6820,6821,19746,-0.04880769767117554
2013-12-10,6820,6922,6305,6665,20196,-0.02287054684063916
2013-12-11,6793,6793,6389,6573,18697,-0.013803450862715727
2013-12-12,6407,6498,6269,6371,38196,-0.0307317815305036
2013-12-13,6343,6608,6343,6555,8445,0.028880866425992746
2013-12-16,6959,6959,6711,6739,15846,0.02807017543859658
2013-12-17,6793,7078,6647,6711,4108,-0.004154919127467016
2013-12-18,6701,6885,6545,6674,2599,-0.005513336313515138
2013-12-19,6940,6940,6619,6674,13816,0.0
2013-12-20,6581,6655,6388,6454,24157,-0.03296373988612522
2013-12-23,6462,6545,6343,6509,18076,0.008521846916640818
2013-12-24,6499,6499,6315,6454,11112,-0.008449838684897792
2013-12-26,6426,6499,6306,6435,4622,-0.0029439107530213615
2013-12-27,6434,6462,6260,6426,8514,-0.0013986013986013734
2013-12-30,6352,6481,6343,6399,8955,-0.004201680672268893
2014-01-02,6360,6453,6066,6169,16199,-0.03594311611189249
2014-01-03,6076,6167,6002,6086,18817,-0.01345436861728
2014-01-06,6030,6159,5791,5911,33947,-0.028754518567203458
2014-01-07,5911,5975,5901,5939,7220,0.004736931145322254
2014-01-08,5938,6204,5911,6104,31306,0.027782454958747316
2014-01-09,6113,6352,6066,6270,16950,0.027195281782437686
2014-01-10,6277,6342,6002,6003,18587,-0.04258373205741628
2014-01-13,5975,6131,5892,5966,23602,-0.006163584874229522
2014-01-14,5966,5966,5717,5764,33562,-0.033858531679517245
2014-01-15,5762,5974,5698,5976,18652,0.03678001387925045
2014-01-16,6002,6140,5873,5893,16255,-0.01388888888888884
2014-01-17,5900,5974,5845,5893,13356,0.0
2014-01-20,5901,6058,5892,5994,20834,0.017138978449007247
2014-01-21,6066,6232,5993,6196,31150,0.033700367033700385
2014-01-22,6333,6351,6076,6334,36510,0.02227243382827626
2014-01-23,6434,6756,6066,6068,202200,-0.041995579412693385
2014-01-24,6066,6204,5717,5755,102921,-0.05158206987475278
2014-01-27,5699,5845,5561,5792,44813,0.006429192006950579
2014-01-28,5790,6204,5652,6114,53532,0.05559392265193375
2014-01-29,6122,6251,5975,6104,36002,-0.001635590448151758
2014-02-03,6158,6241,5983,6086,23168,-0.002948885976408966
2014-02-04,5966,6058,5901,6049,11534,-0.00607952678278012
2014-02-05,6048,6195,5911,6012,18110,-0.006116713506364668
2014-02-06,6002,6306,6002,6160,91567,0.02461743180306053
2014-02-07,6297,6462,6168,6242,45128,0.013311688311688386
2014-02-10,6305,6517,6250,6445,39683,0.032521627683434806
2014-02-11,6471,6619,6343,6371,66862,-0.01148176881303331
2014-02-12,6380,6600,6251,6435,54947,0.0100455187568671
2014-02-13,6454,6462,6269,6325,21230,-0.017094017094017144
2014-02-14,6297,6426,6250,6343,9459,0.0028458498023715695
2014-02-17,6343,6471,6287,6362,14857,0.002995428030900138
2014-02-18,6371,6444,6343,6435,20681,0.011474379126060974
2014-02-19,6471,6628,6371,6435,93896,0.0
2014-02-20,6443,6490,6343,6426,21217,-0.0013986013986013734
2014-02-21,6426,6701,6426,6564,40984,0.02147525676937434
2014-02-24,6526,6619,6352,6353,48716,-0.032145033516148724
2014-02-25,6343,6498,6288,6399,34963,0.007240673697465727
2014-02-26,6434,6453,6297,6371,20855,-0.00437568370057817
2014-02-27,6462,6462,6066,6169,94927,-0.03170616857636166
2014-02-28,6176,6176,5827,5976,49231,-0.03128545955584372
2014-03-03,5928,6020,5827,5865,31816,-0.01857429718875503
2014-03-04,5800,6002,5790,5875,20389,0.0017050298380221207
2014-03-05,5883,6020,5873,5948,19870,0.012425531914893595
2014-03-06,5883,6167,5883,6169,47736,0.037155346334902584
2014-03-07,6177,6233,6066,6104,37335,-0.010536553736424037
2014-03-10,6159,6269,6066,6187,35998,0.013597640891218843
2014-03-11,6232,6232,6029,6141,29351,-0.0074349442379182396
2014-03-12,6140,6159,5883,5911,48918,-0.03745318352059923
2014-03-13,5928,5928,5790,5847,43056,-0.010827271189308041
2014-03-14,5845,6159,5790,5847,31745,0.0
2014-03-17,5910,5910,5662,5838,46785,-0.0015392508978963049
2014-03-18,5883,5883,5745,5856,12377,0.0030832476875641834
2014-03-19,5910,5910,5800,5865,9438,0.0015368852459016757
2014-03-20,5809,5984,5791,5966,55424,0.01722080136402382
2014-03-21,6223,6802,6067,6628,429009,0.1109621186724774
2014-03-24,6674,7160,6453,6950,422345,0.04858177429088717
2014-03-25,6903,7307,6792,6904,255929,-0.006618705035971173
2014-03-26,6995,7142,6793,7134,157306,0.033314020857474036
2014-03-27,7123,7215,6912,6959,103487,-0.024530417717970265
2014-03-28,6876,7077,6674,7079,100946,0.01724385687598784
2014-03-31,7160,7289,6765,6785,111113,-0.041531289730187826
2014-04-01,6875,6985,6728,6849,55211,0.009432571849668392
2014-04-02,6848,7049,6746,6904,99664,0.00803036939699231
2014-04-03,6967,6967,6719,6831,61922,-0.010573580533024374
2014-04-04,6875,7105,6774,6877,87570,0.006734006734006703
2014-04-07,6848,7253,6784,7254,132809,0.05482041587901709
2014-04-08,7335,7363,6940,7079,137643,-0.024124620898814397
2014-04-09,7124,8052,7032,7575,1169600,0.07006639355841227
2014-04-10,7584,7823,7465,7695,250168,0.015841584158415856
2014-04-11,7584,7786,7510,7695,173019,0.0
2014-04-14,7741,7924,7639,7667,136391,-0.003638726445744034
2014-04-15,7796,7796,7281,7281,161579,-0.050345637146210986
2014-04-16,7317,7391,7143,7281,141475,0.0
2014-04-17,7308,7308,7170,7263,61009,-0.0024721878862793423
2014-04-18,7215,7271,7105,7125,85545,-0.0190004130524577
2014-04-21,7123,7160,6801,6821,113229,-0.04266666666666663
2014-04-22,6866,7077,6784,6987,53626,0.024336607535552002
2014-04-23,6986,6986,6664,6702,98262,-0.040790038643194526
2014-04-24,6812,6812,6517,6702,74010,0.0
2014-04-25,6572,6683,6554,6592,51315,-0.016413011041480186
2014-04-28,6545,6821,6526,6656,37682,0.009708737864077666
2014-04-29,6738,6839,6655,6803,48565,0.022085336538461453
2014-04-30,6848,6904,6711,6711,42795,-0.013523445538732859
2014-05-02,6682,6801,6599,6766,25398,0.008195499925495398
2014-05-07,6766,6766,6454,6490,47197,-0.04079219627549513
2014-05-08,6481,6490,6066,6104,85386,-0.05947611710323575
2014-05-09,6030,6260,6030,6160,31273,0.00917431192660545
2014-05-12,6131,6251,6113,6187,27613,0.004383116883116989
2014-05-13,6131,6398,6131,6279,25594,0.014869888475836479
2014-05-14,6260,6370,6233,6233,29133,-0.0073260073260073
2014-05-15,6214,6683,6122,6435,108290,0.032408150168458105
2014-05-16,6509,6509,6076,6160,98977,-0.042735042735042694
2014-05-19,6094,6176,5892,5930,51726,-0.037337662337662336
2014-05-20,5864,5974,5698,5976,47598,0.007757166947723437
2014-05-21,6021,6057,5708,5718,53678,-0.04317269076305219
2014-05-22,5707,5883,5690,5755,47766,0.006470793983910372
2014-05-23,5736,5810,5617,5617,67575,-0.023979148566463993
2014-05-26,5616,5644,5147,5167,182949,-0.08011393982552961
2014-05-27,5175,5239,4825,4946,165738,-0.042771434101025685
2014-05-28,4972,5101,4917,5010,44770,0.012939749292357527
2014-05-29,5064,5110,4982,5047,25294,0.007385229540918248
2014-05-30,5055,5065,4715,4790,61866,-0.05092133940955024
2014-06-02,4762,4762,4338,4399,159788,-0.0816283924843424
2014-06-03,4293,4586,4293,4505,51570,0.024096385542168752
2014-06-05,4559,4559,4307,4321,45057,-0.04084350721420649
2014-06-09,4279,4449,4224,4385,51446,0.014811386253182235
2014-06-10,4385,4564,4348,4468,41233,0.0189281641961232
2014-06-11,4481,4522,4430,4477,23438,0.002014324082363572
2014-06-12,4435,4592,4435,4592,25771,0.025686843868662157
2014-06-13,4513,4724,4513,4716,39924,0.027003484320557547
2014-06-16,4688,4807,4573,4624,38171,-0.019508057675996615
2014-06-17,4623,4641,4550,4643,10711,0.004108996539792464
2014-06-18,4641,4641,4458,4519,37801,-0.026706870557828943
2014-06-19,4569,4569,4440,4523,33009,0.0008851515822083655
2014-06-20,4499,4503,4352,4505,35777,-0.003979659518019041
2014-06-23,4504,4523,4403,4440,16169,-0.01442841287458374
2014-06-24,4421,4486,4412,4459,11125,0.00427927927927918
2014-06-25,4467,4486,4412,4459,32961,0.0
2014-06-26,4412,4669,4412,4615,62925,0.03498542274052485
2014-06-27,4624,4697,4559,4633,39630,0.003900325027085483
2014-06-30,4641,4733,4596,4716,38123,0.017914957910641016
2014-07-01,4724,4926,4668,4826,52770,0.023324851569126448
2014-07-02,4899,4899,4733,4826,25283,0.0
2014-07-03,4899,4899,4715,4826,19079,0.0
2014-07-04,4825,4889,4733,4771,29456,-0.011396601740571888
2014-07-07,4770,4963,4632,4854,84181,0.017396772165164442
2014-07-08,4853,4862,4724,4863,26912,0.001854140914709479
2014-07-09,4862,4945,4743,4900,39109,0.0076084721365412555
2014-07-10,4899,4954,4779,4909,51898,0.001836734693877462
2014-07-11,4908,4955,4771,4790,33654,-0.024241189651660222
2014-07-14,4798,4908,4724,4781,30984,-0.0018789144050104234
2014-07-15,4770,4826,4651,4735,28911,-0.009621418113365365
2014-07-16,4762,4762,4504,4578,75478,-0.03315733896515316
2014-07-17,4559,4596,4458,4597,26215,0.00415028396679773
2014-07-18,4596,4641,4550,4587,13006,-0.002175331738090036
2014-07-21,4632,4687,4596,4689,22981,0.022236756049705653
2014-07-22,4660,4889,4641,4826,29212,0.029217317125186604
2014-07-23,4853,5027,4825,4882,66705,0.011603812681309611
2014-07-24,4908,4972,4789,4882,45725,0.0
2014-07-25,4862,5064,4862,4992,94604,0.02253174928308077
2014-07-28,4945,5055,4853,4974,33797,-0.0036057692307692735
2014-07-29,4972,5018,4834,4946,17407,-0.005629272215520675
2014-07-30,5055,5184,4844,5148,69870,0.04084108370400319
2014-07-31,5093,5157,4872,5010,49834,-0.026806526806526842
2014-08-01,4862,5184,4862,5130,26906,0.0239520958083832
2014-08-04,5065,5396,5038,5369,66578,0.04658869395711496
2014-08-05,5552,6167,5432,6169,1920567,0.14900353883404738
2014-08-06,6710,7088,6683,7088,1069075,0.14897065975036483
2014-08-07,7410,7722,7124,7447,1460044,0.0506489841986455
2014-08-08,7381,7997,7142,7998,846525,0.07398952598361763
2014-08-11,0,0,0,7998,0,0.0
2014-08-12,8742,9009,8108,8458,337818,0.057514378594648585
2014-08-13,8457,8917,8365,8605,214048,0.017379995270749626
2014-08-14,8686,8732,8466,8522,136481,-0.009645554909936127
2014-08-18,8493,9606,7243,7345,1184598,-0.13811311898615353
2014-08-19,7261,7381,6985,7097,479954,-0.03376446562287272
2014-08-20,7170,7326,6729,6858,479723,-0.03367620121177961
2014-08-21,6921,7132,6784,6794,343861,-0.009332166812481724
2014-08-22,6820,7804,6792,7805,992671,0.14880777156314395
2014-08-25,7978,8852,7647,8357,1378229,0.07072389493914155
2014-08-26,8199,8328,7841,8200,624616,-0.018786645925571333
2014-08-27,8576,9331,6977,6978,2733008,-0.14902439024390246
2014-08-28,7179,7721,7041,7465,978502,0.06979077099455422
2014-08-29,7509,8374,7509,7860,878589,0.05291359678499674
2014-09-01,8236,9036,8190,9037,788950,0.1497455470737914
2014-09-02,9882,10388,9238,10388,2348700,0.14949651432997668
2014-09-03,10204,10571,9882,10526,1376151,0.013284559106661487
2014-09-04,10709,10984,8972,9285,1421110,-0.11789853695610863
2014-09-05,9330,9515,8834,9239,483199,-0.004954227248249898
2014-09-11,9330,9468,8631,8633,470968,-0.06559151423314213
2014-09-12,8632,9469,8614,8734,959722,0.01169929340901188
2014-09-15,8686,10019,8429,10021,1100823,0.14735516372795976
2014-09-16,9974,10249,9331,9791,920395,-0.022951801217443335
2014-09-17,9790,10341,9192,9423,911063,-0.03758553773873963
2014-09-18,8044,8485,8044,8044,2412031,-0.1463440517881779
2014-09-19,8034,8430,7722,7796,1165719,-0.030830432620586823
2014-09-22,8733,8779,8144,8375,1380976,0.07426885582349918
2014-09-23,8733,8779,7124,7244,2123126,-0.13504477611940302
2014-09-24,7354,7528,7215,7382,544831,0.01905024848150183
2014-09-25,7363,7381,6829,6987,534351,-0.053508534272554864
2014-09-26,6903,7437,6848,7088,515459,0.01445541720337773
2014-09-29,7078,7510,6895,6923,555921,-0.023278781038374663
2014-09-30,6986,7675,6857,7263,764342,0.049111656796186676
2014-10-01,7308,7492,7170,7437,380989,0.023957042544403118
2014-10-02,7281,7482,7253,7309,215506,-0.017211241091838136
2014-10-06,7225,7326,6553,6582,438687,-0.09946641127377209
2014-10-07,6637,6775,6518,6518,196959,-0.009723488301428107
2014-10-08,6481,6812,6453,6785,204180,0.040963485731819516
2014-10-10,6711,6757,6435,6711,164854,-0.010906411201179078
2014-10-13,6627,6701,6158,6224,156549,-0.0725674266130234
2014-10-14,6066,6618,6066,6251,159769,0.0043380462724935676
2014-10-15,6315,6426,6168,6233,69256,-0.002879539273716203
2014-10-16,6233,6435,5975,6435,181103,0.032408150168458105
2014-10-17,6821,6848,6021,6049,596097,-0.059984459984460003
2014-10-20,6121,6278,6030,6068,159866,0.0031410150438089257
2014-10-21,6213,6213,5643,5727,248844,-0.05619644034278182
2014-10-22,5790,5956,5644,5847,148857,0.020953378732320616
2014-10-23,5781,5928,5616,5654,90219,-0.03300838036599962
2014-10-24,5699,5735,5470,5470,118728,-0.03254333215422711
2014-10-27,5442,5598,5239,5562,126070,0.016819012797074873
2014-10-28,5644,5763,5506,5571,77520,0.0016181229773462036
2014-10-29,5588,5717,5552,5599,74470,0.005026027643151965
2014-10-30,5608,5929,5580,5645,119142,0.008215752813002242
2014-10-31,5552,5809,5497,5746,84143,0.01789193976970771
2014-11-03,5790,5947,5662,5764,113889,0.0031326139923424368
2014-11-04,5818,5818,5239,5378,147626,-0.06696738376127687
2014-11-05,5304,5514,5294,5295,42335,-0.01543324656005951
2014-11-06,5257,5404,4789,4964,116179,-0.06251180358829089
2014-11-07,4936,5469,4881,5277,118479,0.0630539887187751
2014-11-10,5294,5432,5165,5268,27467,-0.0017055144968731728
2014-11-11,5266,5414,5193,5268,44308,0.0
2014-11-12,5277,5534,5277,5369,57725,0.019172361427486795
2014-11-13,5395,5506,5221,5378,76454,0.0016762898118829472
2014-11-14,5340,5404,5165,5213,60983,-0.030680550390479677
2014-11-17,5156,5304,4990,4992,61979,-0.04239401496259354
2014-11-18,4963,5285,4963,5194,49879,0.04046474358974361
2014-11-19,5211,5313,5120,5185,24339,-0.0017327685791297398
2014-11-20,5156,5332,5156,5332,30311,0.0283510125361619
2014-11-21,5304,5607,5267,5608,131919,0.05176294073518384
2014-11-24,5597,5625,5432,5544,77373,-0.011412268188302432
2014-11-25,5488,5763,5488,5645,96226,0.018217893217893133
2014-11-26,5653,6214,5608,5911,326199,0.047121346324180635
2014-11-27,5910,5965,5790,5893,67641,-0.0030451700219928934
2014-11-28,5956,5956,5635,5654,63108,-0.04055659256745292
2014-12-01,5690,5763,5405,5452,51540,-0.03572691899540148
2014-12-02,5331,5607,5331,5433,48020,-0.0034849596478356837
2014-12-03,5625,6140,5570,5792,302785,0.06607767347690041
2014-12-04,5883,6002,5773,5819,65125,0.004661602209944826
2014-12-05,5809,6131,5773,5939,143624,0.02062210001718512
2014-12-08,5975,6683,5975,6573,342458,0.10675197844755013
2014-12-09,6526,6609,6269,6435,124128,-0.02099497946143314
2014-12-10,6398,6517,5864,5865,152012,-0.08857808857808858
2014-12-11,5864,6085,5845,5930,96367,0.011082693947144007
2014-12-12,5929,6509,5920,6297,189756,0.061888701517706535
2014-12-15,6204,6655,6204,6518,216633,0.03509607749722088
2014-12-16,6655,6840,6407,6435,312518,-0.01273396747468547
2014-12-17,6415,6746,6232,6251,186866,-0.028593628593628573
2014-12-18,6278,6380,5892,6187,134242,-0.01023836186210203
2014-12-19,6269,6333,6094,6123,64625,-0.01034427024406015
2014-12-22,6131,6260,6039,6104,56901,-0.0031030540584681132
2014-12-23,6104,6149,5883,5884,60103,-0.03604193971166447
2014-12-24,5873,6066,5864,5948,31328,0.010876954452753163
2014-12-26,6039,6398,5966,6132,81484,0.030934767989239997
2014-12-29,6333,6333,5892,6068,72302,-0.010437051532941943
2014-12-30,6158,6158,5891,5893,44635,-0.028839815425181325
2015-01-02,5928,5928,5718,5718,45441,-0.029696249787883877
2015-01-05,5625,6039,5616,6040,71172,0.056313396292409834
2015-01-06,5900,6140,5883,5921,68840,-0.019701986754966927
2015-01-07,5873,6094,5873,5985,22965,0.010808984968755375
2015-01-08,5975,6140,5883,6012,31355,0.004511278195488799
2015-01-09,6021,6104,5956,5966,54623,-0.007651363938789069
2015-01-12,6039,6306,5883,6077,93527,0.018605430774388143
2015-01-13,6030,6187,5846,5939,46046,-0.02270857330919862
2015-01-14,6038,6038,5726,5764,62292,-0.02946624010776222
2015-01-15,5828,5864,5690,5737,35582,-0.004684247050659285
2015-01-16,5745,6066,5745,5884,74490,0.02562314798675258
2015-01-19,5864,6002,5818,5930,56884,0.007817811012916343
2015-01-20,5920,5966,5745,5801,54419,-0.02175379426644186
2015-01-21,5791,5846,5552,5553,93072,-0.04275124978451994
2015-01-22,5543,5690,5470,5562,69700,0.0016207455429497752
2015-01-23,5487,5588,5432,5488,34892,-0.01330456670262492
2015-01-26,5488,5580,5368,5369,44701,-0.02168367346938771
2015-01-27,5313,5487,5285,5323,49869,-0.008567703482957767
2015-01-28,5313,5423,5221,5332,45484,0.0016907758782640503
2015-01-29,5386,5478,5321,5378,42982,0.008627156789197343
2015-01-30,5387,5442,5332,5396,25326,0.0033469691335068497
2015-02-02,5451,5451,5313,5396,23318,0.0
2015-02-03,5359,5470,5258,5442,50228,0.008524833209784921
2015-02-04,5478,5478,5414,5442,30266,0.0
2015-02-05,5442,5442,5304,5305,63500,-0.02517456817346564
2015-02-06,5313,5350,5138,5176,71283,-0.02431668237511786
2015-02-09,5175,5304,5055,5194,119999,0.0034775888717155645
2015-02-10,5193,5285,5147,5268,57222,0.014247208317289095
2015-02-11,5266,5891,5248,5755,292033,0.09244495064540614
2015-02-12,5818,5856,5653,5691,69512,-0.011120764552562945
2015-02-13,5652,5855,5542,5599,65154,-0.016165875944473718
2015-02-16,5598,5856,5552,5718,112002,0.021253795320592905
2015-02-17,5762,5947,5707,5810,93118,0.016089541797831508
2015-02-23,5819,5874,5644,5700,37347,-0.018932874354561147
2015-02-24,5653,6021,5653,5856,102168,0.027368421052631486
2015-02-25,5856,5947,5809,5829,45418,-0.004610655737704916
2015-02-26,5864,6204,5837,5957,152897,0.021959169668896994
2015-02-27,5983,6021,5837,5847,62243,-0.01846567063958371
2015-03-02,5845,5965,5726,5893,88444,0.00786728236702583
2015-03-03,5911,6159,5901,5911,58638,0.003054471406753745
2015-03-04,5910,6434,5892,6169,233584,0.04364743698189821
2015-03-05,6242,6416,6066,6104,93199,-0.010536553736424037
2015-03-06,6204,6250,6093,6114,42033,0.001638269986893759
2015-03-09,6112,6167,5845,5865,74598,-0.040726202158979374
2015-03-10,5910,6020,5781,5893,53302,0.004774083546462027
2015-03-11,5883,5947,5809,5893,30055,0.0
2015-03-12,5900,6544,5900,6196,218105,0.051416935347021964
2015-03-13,6306,6499,6058,6132,130700,-0.010329244673983218
2015-03-16,6140,6195,6048,6123,58500,-0.0014677103718199191
2015-03-17,6168,6343,6094,6288,75849,0.026947574718275247
2015-03-18,6288,6664,6233,6233,173471,-0.008746819338422362
2015-03-19,6251,6380,6030,6380,72340,0.02358414888496707
2015-03-20,6388,6434,6195,6196,45269,-0.028840125391849547
2015-03-23,6195,6343,6140,6160,45436,-0.005810200129115595
2015-03-24,6159,6242,6039,6049,41398,-0.018019480519480546
2015-03-25,6049,6187,6002,6187,24917,0.02281368821292773
2015-03-26,6121,6176,5974,5976,42827,-0.03410376596088571
2015-03-27,5956,6048,5652,5737,81857,-0.03999330655957167
2015-03-30,5698,6029,5597,5976,102228,0.041659403869618306
2015-03-31,6076,6076,5919,5976,36573,0.0
2015-04-01,5938,6038,5928,5948,32825,-0.004685408299866078
2015-04-02,5919,6020,5900,5948,30089,0.0
2015-04-03,5938,6278,5938,6178,105084,0.03866845998655011
2015-04-06,6315,6315,6121,6178,56325,0.0
2015-04-07,6176,6370,6076,6224,71481,0.007445775331822668
2015-04-08,6242,6269,6149,6187,59532,-0.005944730077120819
2015-04-09,6186,6315,6149,6251,53733,0.01034427024406015
2015-04-10,6222,6498,6222,6500,136706,0.03983362661974077
2015-04-13,6591,6994,6489,6766,345650,0.04092307692307684
2015-04-14,6746,6967,6572,6665,186841,-0.014927579071829733
2015-04-15,6802,6922,6655,6665,137722,0.0
2015-04-16,6738,6738,6498,6610,83582,-0.008252063015753985
2015-04-17,6619,6683,6481,6518,54380,-0.01391830559757945
2015-04-20,6426,6564,6371,6536,59511,0.0027615833077632157
2015-04-21,6544,6664,6425,6527,61945,-0.0013769889840881122
2015-04-22,6545,6554,5975,6288,116860,-0.03661712884939483
2015-04-23,6250,6324,6057,6169,48546,-0.0189249363867684
2015-04-24,6159,6297,5975,6040,53788,-0.02091100664613388
2015-04-27,6048,6176,6048,6141,46616,0.016721854304635686
2015-04-28,6121,6195,6039,6068,37878,-0.011887314769581492
2015-04-29,6066,6131,5855,5976,55475,-0.015161502966380969
2015-04-30,5974,5974,5763,5764,47630,-0.03547523427041499
2015-05-04,5763,5791,5368,5608,68248,-0.02706453851492019
2015-05-06,5543,5543,5387,5424,36788,-0.032810271041369465
2015-05-07,5432,5552,5294,5461,24593,0.0068215339233037575
2015-05-08,5459,5726,5459,5681,34046,0.040285661966672714
2015-05-11,5690,5727,5580,5608,46225,-0.012849850378454541
2015-05-12,5607,5644,5552,5626,26030,0.003209700427960094
2015-05-13,5635,5681,5553,5617,23769,-0.0015997156061144935
2015-05-14,5635,5800,5542,5608,80355,-0.0016022787965106478
2015-05-15,5553,5553,5239,5286,162217,-0.05741797432239659
2015-05-18,5276,5387,5249,5332,56437,0.008702232311766922
2015-05-19,5350,5672,5350,5534,134880,0.037884471117779484
2015-05-20,5588,5652,5304,5378,47439,-0.028189374774123643
2015-05-21,5332,5432,5101,5194,89533,-0.03421346225362587
2015-05-22,5211,5285,5120,5194,54713,0.0
2015-05-26,5286,5295,5138,5259,49727,0.012514439738159355
2015-05-27,5156,5304,5138,5194,57294,-0.012359764213728863
2015-05-28,5203,5340,5194,5194,36512,0.0
2015-05-29,5203,5368,5165,5167,49249,-0.0051983057373893304
2015-06-01,5054,5110,4880,4882,97354,-0.055157731759241324
2015-06-02,4880,4880,4596,4716,89792,-0.03400245800901269
2015-06-03,4623,4889,4582,4836,129574,0.025445292620865034
2015-06-04,4844,5110,4844,5029,57911,0.039909015715467344
2015-06-05,5010,5046,4890,4928,28520,-0.020083515609465086
2015-06-08,4872,5129,4872,5056,29257,0.025974025974025983
2015-06-09,5028,5165,4955,5066,36510,0.001977848101265778
2015-06-10,5073,5211,4963,4964,55133,-0.020134228187919434
2015-06-11,4991,5101,4927,4928,20293,-0.00725221595487513
2015-06-12,4927,5027,4789,4836,25252,-0.018668831168831224
2015-06-15,4734,4845,4605,4606,36281,-0.047559966914805574
2015-06-16,4614,4707,4366,4440,44645,-0.03603994789405118
2015-06-17,4439,4954,4439,4670,50348,0.05180180180180183
2015-06-18,4641,4770,4624,4679,14020,0.001927194860813719
2015-06-19,4687,4844,4687,4836,19448,0.03355417824321427
2015-06-22,4835,4872,4762,4845,18015,0.0018610421836229296
2015-06-23,4807,4972,4807,4863,14866,0.0037151702786377694
2015-06-24,4880,5018,4825,4909,24529,0.009459181575159459
2015-06-25,5010,5010,4881,4928,15943,0.0038704420452231325
2015-06-26,4825,5009,4825,4863,18006,-0.013189935064935043
2015-06-29,4762,4955,4587,4633,39077,-0.04729590787579685
2015-06-30,4421,4623,4421,4587,42117,-0.009928771854090246
2015-07-01,4586,4779,4586,4716,13801,0.028122956180510084
2015-07-02,4724,4917,4651,4652,20336,-0.013570822731128085
2015-07-03,4651,4751,4605,4753,27134,0.021711092003439347
2015-07-06,4688,4752,4624,4624,20257,-0.027140753208499846
2015-07-07,4536,4679,4536,4597,46808,-0.0058391003460207536
2015-07-08,4642,4927,4531,4762,69266,0.03589297367848587
2015-07-09,4669,4669,4500,4661,50143,-0.021209575808483816
2015-07-10,4660,4697,4559,4578,24681,-0.017807337481227203
2015-07-13,4545,4687,4545,4643,31958,0.014198339886413391
2015-07-14,4641,4871,4641,4826,44190,0.03941417187163476
2015-07-15,4872,4908,4687,4781,33232,-0.009324492333195211
2015-07-16,4724,4779,4679,4753,25819,-0.005856515373352855
2015-07-17,4770,4861,4724,4771,39049,0.003787081843046547
2015-07-20,4733,4861,4733,4826,33947,0.011527981555229605
2015-07-21,4834,4944,4816,4909,38372,0.017198508081226693
2015-07-22,4908,4963,4825,4854,23079,-0.011203911183540471
2015-07-23,4853,4917,4789,4845,14724,-0.001854140914709479
2015-07-24,4853,4890,4651,4735,29850,-0.02270381836945301
2015-07-27,4734,4790,4587,4606,52731,-0.027243928194297773
2015-07-28,4513,4651,4448,4643,42762,0.008033000434216175
2015-07-29,4641,4697,4582,4583,28790,-0.012922679302175277
2015-07-30,4555,4633,4486,4578,19395,-0.0010909884355225774
2015-07-31,4426,4596,4426,4569,31200,-0.001965923984272644
2015-08-03,4531,4779,4531,4679,23089,0.02407528999781139
2015-08-04,4651,4872,4651,4808,35592,0.02756999358837353
2015-08-05,4908,5277,4872,5038,105014,0.04783693843594006
2015-08-06,5148,5258,5065,5066,35484,0.0055577610162762525
2015-08-07,5110,5313,5019,5259,46749,0.03809711804184768
2015-08-10,5258,5368,5101,5231,45159,-0.005324206122837016
2015-08-11,5184,5239,5046,5056,21668,-0.03345440642324604
2015-08-12,5055,5055,4752,4918,40888,-0.027294303797468333
2015-08-13,4917,5377,4871,5268,74494,0.07116714111427402
2015-08-17,5340,5708,5304,5332,63960,0.012148823082763771
2015-08-18,5239,5442,5239,5332,57497,0.0
2015-08-19,5156,5332,4972,5222,61041,-0.020630157539384797
2015-08-20,5082,5276,4817,5001,37670,-0.04232094982765222
2015-08-21,4707,4909,4412,4413,56272,-0.11757648470305937
2015-08-24,4012,4411,3777,3912,79908,-0.11352821210061181
2015-08-25,3915,4140,3819,4132,61252,0.056237218813905976
2015-08-26,4048,4241,4043,4215,32766,0.020087124878993334
2015-08-27,4214,4343,4137,4178,26355,-0.008778173190984617
2015-08-28,4177,4503,4177,4505,29807,0.07826711345141213
2015-08-31,4508,5239,4439,4808,59508,0.06725860155382901
2015-09-01,4806,5211,4687,4854,36799,0.009567387687188011
2015-09-02,4908,4908,4613,4854,13164,0.0
2015-09-03,5010,5074,4825,4974,21734,0.024721878862793645
2015-09-04,5137,5147,4678,4882,22744,-0.01849618013671095
2015-09-07,4917,4936,4734,4863,15257,-0.0038918476034411897
2015-09-08,4761,4917,4641,4771,20536,-0.018918363150318696
2015-09-09,4872,4908,4734,4817,12705,0.009641584573464757
2015-09-10,4816,4935,4687,4826,22984,0.0018683828108780887
2015-09-11,4734,4826,4688,4735,10943,-0.018856195607128035
2015-09-14,4734,4779,4651,4652,7820,-0.017529039070749763
2015-09-15,4651,4770,4586,4643,17709,-0.0019346517626827042
2015-09-16,4641,4825,4596,4808,17360,0.03553736808098207
2015-09-17,4862,4944,4743,4836,22071,0.005823627287853572
2015-09-18,4954,4954,4789,4891,21686,0.011373035566583978
2015-09-21,4945,5156,4568,4918,42754,0.005520343488039314
2015-09-22,4908,4972,4872,4918,47366,0.0
2015-09-23,4963,5120,4917,5084,42237,0.033753558357055624
2015-09-24,5046,5175,5046,5167,21309,0.016325727773406795
2015-09-25,5175,5211,5074,5167,23129,0.0
2015-09-30,5156,5156,5000,5084,19233,-0.01606347977549838
2015-10-01,5082,5239,5009,5157,19329,0.014358772619984306
2015-10-02,5165,6140,5165,5847,498396,0.1337987201861548
2015-10-05,5708,5855,5515,5516,83712,-0.05661022746707711
2015-10-06,5561,5635,5341,5452,37679,-0.011602610587382212
2015-10-07,5451,5589,5396,5590,23456,0.02531181217901679
2015-10-08,5616,5680,5542,5636,34250,0.008228980322003476
2015-10-12,5763,5763,5497,5571,29507,-0.011533002129169634
2015-10-13,5515,5588,5487,5516,24693,-0.009872554299048653
2015-10-14,5515,5699,5451,5590,33523,0.013415518491660672
2015-10-15,5625,5754,5561,5691,34910,0.01806797853309483
2015-10-16,5754,5772,5652,5755,40465,0.011245826743981668
2015-10-19,5818,5818,5690,5755,18168,0.0
2015-10-20,5681,5818,5608,5617,23804,-0.023979148566463993
2015-10-21,5579,5680,5487,5488,34955,-0.022965996083318507
2015-10-22,5487,5652,5487,5654,32798,0.030247813411078628
2015-10-23,5653,5791,5414,5415,30863,-0.042270958613371046
2015-10-26,5387,5487,5332,5442,23201,0.00498614958448762
2015-10-27,5442,5607,5442,5553,17871,0.020396912899669273
2015-10-28,5608,5672,5460,5534,20166,-0.0034215739240049947
2015-10-29,5598,5865,5534,5590,37489,0.010119262739429091
2015-10-30,5542,5616,5404,5406,22295,-0.03291592128801435
2015-11-02,5349,5561,5239,5470,27135,0.011838697743248305
2015-11-03,5470,5589,5377,5452,11635,-0.003290676416819016
2015-11-04,5404,5561,5266,5268,11084,-0.03374908290535583
2015-11-05,5231,5460,5231,5341,18471,0.013857251328777576
2015-11-06,5258,5479,5148,5259,15544,-0.015352930162890854
2015-11-09,5165,5313,5010,5148,15500,-0.02110667427267543
2015-11-10,4817,5055,4743,4872,14381,-0.053613053613053574
2015-11-11,4871,5027,4871,4964,7193,0.018883415435139606
2015-11-12,5018,5110,4724,5020,11740,0.011281224818694646
2015-11-13,4889,5073,4844,5075,13340,0.010956175298804771
2015-11-16,4826,5148,4826,5121,12281,0.00906403940886702
2015-11-17,5055,5203,5037,5194,11020,0.014255028314782203
2015-11-18,5239,5267,5055,5056,12832,-0.026569118213323084
2015-11-19,5055,6204,5010,5194,508212,0.027294303797468444
2015-11-20,5258,5286,5083,5203,69310,0.0017327685791297398
2015-11-23,5175,5690,5175,5442,69524,0.045935037478377794
2015-11-24,5368,5470,5277,5424,15507,-0.003307607497243681
2015-11-25,5432,5552,5332,5553,28466,0.023783185840708043
2015-11-26,5469,5607,5387,5544,30719,-0.0016207455429497752
2015-11-27,5542,5690,5460,5553,37420,0.0016233766233766378
2015-11-30,5451,5552,5267,5553,31139,0.0
2015-12-01,5442,5542,5395,5488,15813,-0.011705384476859315
2015-12-02,5553,5553,5341,5424,10388,-0.011661807580174877
2015-12-03,5424,5470,5277,5424,16229,0.0
2015-12-04,5277,5478,5277,5470,7345,0.008480825958702143
2015-12-07,5470,5515,5387,5452,11031,-0.003290676416819016
2015-12-08,5332,5487,5258,5470,14478,0.0033015407190022383
2015-12-09,5349,5598,5349,5470,17401,0.0
2015-12-10,5377,5690,5368,5424,24623,-0.008409506398537436
2015-12-11,5368,5515,5332,5424,10891,0.0
2015-12-14,5423,5423,5082,5305,23657,-0.021939528023598776
2015-12-15,5137,5359,5137,5351,6428,0.008671065032987757
2015-12-16,5313,5404,5313,5378,4375,0.0050457858344235
2015-12-17,5322,5497,5294,5498,12518,0.022313127556712553
2015-12-18,5497,5588,5432,5544,22455,0.00836667879228803
2015-12-21,5607,5607,5487,5553,13767,0.0016233766233766378
2015-12-22,5561,5607,5432,5608,7305,0.009904556095803985
2015-12-23,5597,5607,5469,5599,15688,-0.001604850213980047
2015-12-24,5497,5644,5423,5470,16439,-0.02303982854081088
2015-12-28,5387,5515,5221,5516,15604,0.008409506398537436
2015-12-29,5396,5552,5396,5553,23970,0.006707759245830225
2015-12-30,5533,5680,5478,5599,19186,0.00828381055285421
2016-01-04,5597,5671,5570,5654,25843,0.00982318271119853
2016-01-05,5542,5653,5515,5636,17184,-0.0031835868411743684
2016-01-06,5653,5754,5542,5636,23576,0.0
2016-01-07,5635,5653,5470,5645,14727,0.0015968772178849289
2016-01-08,5690,5690,5459,5681,18353,0.006377325066430517
2016-01-11,5653,5672,5589,5672,14267,-0.0015842281288505067
2016-01-12,5644,5735,5607,5663,11459,-0.0015867418899858654
2016-01-13,5919,6398,5754,5865,149646,0.035670139502030684
2016-01-14,5865,5865,5635,5856,31310,-0.001534526854219953
2016-01-15,5855,6176,5845,5930,31129,0.012636612021857951
2016-01-18,5873,6038,5855,5921,24950,-0.0015177065767284503
2016-01-19,5864,5966,5588,5764,34283,-0.02651579125147774
2016-01-20,5763,5763,5387,5562,29663,-0.03504510756419155
2016-01-21,5424,5580,5341,5341,14562,-0.039733908665947504
2016-01-22,5277,5515,5231,5286,30803,-0.010297697060475564
2016-01-25,5285,5450,5249,5406,11348,0.022701475595913845
2016-01-26,5331,5423,5304,5406,5924,0.0
2016-01-27,5451,5506,5249,5452,13491,0.008509064002959699
2016-01-28,5396,5479,5286,5424,12707,-0.005135730007336803
2016-01-29,5451,5451,5332,5332,6869,-0.016961651917404175
2016-02-01,5332,5442,5239,5332,25901,0.0
2016-02-02,5321,5478,5276,5378,21976,0.008627156789197343
2016-02-03,5377,5377,5157,5369,8751,-0.0016734845667534248
2016-02-04,5239,5395,5239,5351,12667,-0.0033525796237661165
2016-02-05,5350,5424,5341,5396,6439,0.008409643057372351
2016-02-11,5285,5340,5120,5194,7388,-0.03743513713862123
2016-02-12,5018,5193,4779,4964,17741,-0.04428186368887177
2016-02-15,4964,5286,4964,5148,13997,0.03706688154713933
2016-02-16,5065,5415,5065,5396,7089,0.048174048174048245
2016-02-17,5396,5424,5295,5396,25845,0.0
2016-02-18,5340,5607,5340,5516,16214,0.02223869532987388
2016-02-19,5524,5652,5442,5516,8253,0.0
2016-02-22,5525,5653,5497,5534,10751,0.0032632342277012505
2016-02-23,5533,5680,5459,5599,12954,0.011745572822551509
2016-02-24,5597,5652,5542,5626,8864,0.004822289694588422
2016-02-25,5653,5690,5607,5663,72874,0.0065766086029150905
2016-02-26,5671,5735,5634,5727,8548,0.011301430337277152
2016-02-29,5726,6030,5717,5792,13712,0.011349746813340333
2016-03-02,5791,5791,5663,5746,13395,-0.007941988950276202
2016-03-03,5809,5809,5671,5727,4907,-0.0033066481030281647
2016-03-04,5727,5754,5671,5746,2611,0.0033176182992840086
2016-03-07,5690,5763,5635,5691,5316,-0.00957187608771315
2016-03-08,5690,5690,5497,5507,23877,-0.032331751888947435
2016-03-09,5451,5608,5249,5562,24813,0.009987288905029867
2016-03-10,5763,5883,5423,5608,14710,0.00827040632865872
2016-03-11,5608,5718,5506,5700,12572,0.016405135520684677
2016-03-14,5856,5856,5580,5718,7889,0.0031578947368420263
2016-03-15,5781,5781,5652,5755,7372,0.006470793983910372
2016-03-16,5745,5790,5652,5737,11922,-0.003127715030408318
2016-03-17,5855,5855,5699,5764,12267,0.004706292487362651
2016-03-18,5818,5892,5809,5884,25334,0.020818875780707735
2016-03-21,5883,5911,5818,5884,20957,0.0
2016-03-22,5873,6131,5873,6114,51586,0.039089055064581935
2016-03-23,6112,6250,5993,6068,31330,-0.0075237160614981535
2016-03-24,6168,6186,5928,6012,18831,-0.009228740936057966
2016-03-25,5956,6002,5809,5966,18418,-0.007651363938789069
2016-03-28,5947,6020,5873,5976,9358,0.0016761649346295204
2016-03-29,5975,6177,5865,6022,19062,0.007697456492637311
2016-03-30,6048,6149,5938,6141,29570,0.019760876785121173
2016-03-31,6204,6379,6066,6251,83143,0.01791239211854756
2016-04-01,6297,6297,6066,6150,19529,-0.016157414813629867
2016-04-04,6085,6176,5975,6150,18572,0.0
2016-04-05,6122,6251,6066,6104,13043,-0.007479674796747937
2016-04-06,6094,6094,5635,6040,138507,-0.010484927916120546
2016-04-07,6039,6039,5873,6040,25884,0.0
2016-04-08,6038,6085,5754,5875,30941,-0.027317880794701987
2016-04-11,5855,6029,5855,5948,17113,0.012425531914893595
2016-04-12,5781,6176,5781,6114,16091,0.02790854068594495
2016-04-14,6232,6232,5955,5976,11536,-0.02257114818449457
2016-04-15,5965,6084,5855,5948,8403,-0.004685408299866078
2016-04-18,5947,6002,5809,5838,12384,-0.01849361129791527
2016-04-19,5836,6020,5762,5976,18372,0.023638232271325776
2016-04-20,5919,6066,5873,5985,29381,0.001506024096385561
2016-04-21,5983,6038,5845,5847,11244,-0.023057644110275666
2016-04-22,5845,6002,5845,5948,11859,0.017273815631948075
2016-04-25,5993,6011,5883,6012,26816,0.010759919300605159
2016-04-26,5955,6066,5928,6003,22347,-0.0014970059880239361
2016-04-27,6048,6857,5993,6279,214369,0.04597701149425282
2016-04-28,6278,6324,6104,6123,37781,-0.024844720496894457
2016-04-29,6187,6600,6094,6435,131185,0.05095541401273884
2016-05-02,6462,7537,6315,7539,443825,0.17156177156177166
2016-05-03,7465,7851,6967,7364,426730,-0.0232126276694522
2016-05-04,7363,7446,6977,7143,110281,-0.030010863661053766
2016-05-09,7050,7078,6398,6573,133359,-0.0797984040319194
2016-05-10,6564,6701,6471,6619,55906,0.0069983264871442685
2016-05-11,6454,6711,6454,6628,37913,0.0013597220123886533
2016-05-12,6663,6894,6470,6821,47158,0.02911888955944475
2016-05-13,6940,6967,6683,6923,66412,0.01495381908811022
2016-05-16,6894,6986,6765,6867,33182,-0.008088978766430777
2016-05-17,6867,6931,6536,6619,50251,-0.03611475171108203
2016-05-18,6572,6572,6204,6251,65935,-0.05559752228433301
2016-05-19,6250,6360,6158,6251,15722,0.0
2016-05-20,6176,6379,6176,6261,9151,0.0015997440409534214
2016-05-23,6260,6278,6158,6251,12674,-0.0015971889474525325
2016-05-24,6177,6526,6177,6481,26503,0.03679411294192936
2016-05-25,6481,6609,6325,6435,32525,-0.007097670112636956
2016-05-26,6435,6609,6435,6546,16189,0.01724941724941731
2016-05-27,6554,6702,6444,6684,85655,0.02108157653528875
2016-05-30,7308,7667,6591,6656,275065,-0.00418910831837227
2016-05-31,6591,6784,6416,6555,44955,-0.015174278846153855
2016-06-01,6553,6802,6434,6748,49633,0.0294431731502669
2016-06-02,6747,6894,6636,6895,59681,0.02178423236514515
2016-06-03,6857,6986,6729,6803,86906,-0.013343002175489449
2016-06-07,6820,6986,6820,6886,32202,0.0122004997795091
2016-06-08,6894,6894,6636,6674,25542,-0.03078710426953235
2016-06-09,6536,6710,6407,6674,68089,0.0
2016-06-10,6812,8218,6701,7051,1697947,0.05648786335031475
2016-06-13,7151,7243,6619,6619,337948,-0.061267905261665034
2016-06-14,6536,6793,6407,6684,149148,0.00982021453391746
2016-06-15,6591,6894,6435,6895,88436,0.031567923399162146
2016-06-16,6812,6922,6710,6895,74011,0.0
2016-06-17,6939,7381,6811,6932,252105,0.005366207396664269
2016-06-20,6931,7206,6710,6858,140201,-0.010675129832660168
2016-06-21,6940,7160,6839,7024,148929,0.0242053076698745
2016-06-22,7022,7215,6939,7125,77238,0.014379271070614985
2016-06-23,7299,7492,7023,7419,318568,0.04126315789473689
2016-06-24,7280,7390,6481,6803,313146,-0.08303005795929375
2016-06-27,6619,7014,6554,6950,100124,0.021608114067323214
2016-06-28,6876,7281,6793,7088,118694,0.01985611510791374
2016-06-29,7115,7584,6995,7217,290381,0.018199774266365765
2016-06-30,7160,7345,7152,7226,80340,0.0012470555632533298
2016-07-01,7281,7538,7234,7309,160961,0.011486299474121164
2016-07-04,7354,8631,7261,7998,1038253,0.0942673416336024
2016-07-05,7950,8006,7749,7971,352540,-0.0033758439609902213
2016-07-06,7942,8402,7832,8338,417646,0.04604190189436719
2016-07-07,8402,8503,7712,7787,423238,-0.06608299352362679
2016-07-08,7786,7970,7575,7906,228482,0.015281880056504438
2016-07-11,8163,10249,8052,10251,4801673,0.2966101694915255
2016-07-12,11031,13283,10801,13284,6348165,0.2958735733099209
2016-07-13,13054,13836,12318,13514,3634183,0.017314062029509136
2016-07-14,12962,13053,12409,12457,443055,-0.07821518425336693
2016-07-15,12455,12455,11122,11308,766520,-0.09223729629926947
2016-07-18,11537,11951,11123,11951,524875,0.05686239830208706
2016-07-19,11766,11812,10203,10297,1622313,-0.13839846037988457
2016-07-20,10295,10617,9973,10434,666596,0.013304846071671372
2016-07-21,10295,10388,9744,9975,527123,-0.0439907993099482
2016-07-22,10019,10249,9744,10159,298216,0.018446115288220488
2016-07-25,10157,10204,9790,9975,191313,-0.018112018899497984
2016-07-26,9973,9973,9376,9423,296603,-0.05533834586466169
2016-07-27,9515,9790,9284,9791,298301,0.039053380027592066
2016-07-28,9744,9836,9330,9515,233167,-0.028189153304054693
2016-07-29,9468,9790,9284,9699,260693,0.01933788754597998
2016-08-01,9652,9652,8870,8872,446252,-0.0852665223218888
2016-08-02,8962,9119,8788,8881,234229,0.0010144274120829078
2016-08-03,8917,9027,8548,8688,220716,-0.021731786960927812
2016-08-04,8687,8862,8669,8669,92983,-0.0021869244935542875
2016-08-05,8733,8862,8669,8761,110932,0.010612527396470117
2016-08-08,8769,9045,8669,8918,144455,0.017920328729597035
2016-08-09,8889,9377,8807,9239,397089,0.03599461762727074
2016-08-10,9192,9330,9008,9009,134937,-0.024894469098387217
2016-08-11,8953,9284,8917,9019,136972,0.0011100011100011464
2016-08-12,9027,9238,8834,9193,114299,0.019292604501607746
2016-08-16,9192,9238,8741,8743,115307,-0.04895028826280867
2016-08-17,8659,8807,8430,8596,129729,-0.016813450760608473
2016-08-18,8559,8843,8559,8789,74582,0.02245230339692883
2016-08-19,8797,8834,8650,8669,34838,-0.013653430424394153
2016-08-22,8669,8752,8521,8596,47178,-0.008420809781981786
2016-08-23,8614,8899,8559,8734,71905,0.01605397859469515
2016-08-24,8871,8917,8659,8862,98238,0.014655369819097874
2016-08-25,8907,9285,8733,8761,287553,-0.011396975851952207
2016-08-26,8724,8797,8448,8449,106551,-0.03561237301677889
2016-08-29,8493,8503,8043,8053,144057,-0.046869452006154555
2016-08-30,8264,8328,8089,8127,55775,0.009189122066310729
2016-08-31,8273,8273,7630,7851,177001,-0.033960871170173546
2016-09-01,7905,7961,7694,7869,53581,0.002292701566679378
2016-09-02,7950,7997,7685,7998,54664,0.016393442622950838
2016-09-05,8015,8126,7831,7888,45481,-0.013753438359589865
2016-09-06,7951,7951,7537,7676,107693,-0.026876267748478733
2016-09-07,7768,7961,7565,7814,77059,0.01797811360083368
2016-09-08,7813,7878,7410,7584,86841,-0.029434348605067773
2016-09-09,7510,7611,7418,7437,45318,-0.01938291139240511
2016-09-12,7437,7437,7023,7171,72970,-0.035767110393976065
2016-09-13,7124,7336,7060,7336,47795,0.02300934318783998
2016-09-19,7464,7482,7344,7373,22178,0.005043620501635759
2016-09-20,7372,7520,7317,7502,23243,0.017496270174962802
2016-09-21,7501,7528,7344,7428,33179,-0.009864036256998165
2016-09-22,7565,7813,7520,7713,98591,0.038368336025848215
2016-09-23,7730,7730,7537,7621,77778,-0.011927913911577881
2016-09-26,7648,7648,7455,7474,39279,-0.01928880724314397
2016-09-27,7538,7538,7216,7364,49971,-0.014717687985014716
2016-09-28,7363,7509,7289,7456,36015,0.012493210211841355
2016-09-29,7326,7519,7316,7318,27002,-0.01850858369098718
2016-09-30,7216,7501,7188,7226,49566,-0.012571740912817764
2016-10-04,7225,7685,7225,7630,112721,0.05590921671740934
2016-10-05,7666,7694,7492,7649,39187,0.0024901703800785935
2016-10-06,7675,7961,7575,7796,103132,0.01921819845731476
2016-10-07,7730,7915,7630,7630,39521,-0.021292970754232976
2016-10-10,7630,7758,7520,7630,34049,0.0
2016-10-11,6876,6986,6462,6463,580870,-0.15294888597640888
2016-10-12,6388,6600,6388,6582,91758,0.01841250193408639
2016-10-13,6655,6691,6489,6527,59949,-0.008356122759039852
2016-10-14,6600,6600,6462,6527,30938,0.0
2016-10-17,6526,6526,6360,6389,60830,-0.021142944691282417
2016-10-18,6389,6454,6187,6297,70315,-0.014399749569572684
2016-10-19,6204,6343,6195,6251,49254,-0.007305065904398944
2016-10-20,6324,6343,6168,6215,38215,-0.005759078547432406
2016-10-21,6250,6250,6104,6123,56047,-0.014802896218825468
2016-10-24,6121,6158,5855,5976,63951,-0.024007839294463484
2016-10-25,5974,6066,5836,6031,58554,0.00920348058902265
2016-10-26,5837,6233,5837,6233,83010,0.033493616315702246
2016-10-27,6292,6302,6006,6135,52402,-0.015722765923311455
2016-10-28,6134,6134,5908,5908,31404,-0.037000814995925
2016-10-31,5908,5908,5327,5544,49937,-0.06161137440758291
2016-11-01,5435,5878,5435,5691,25408,0.026515151515151603
2016-11-02,5691,5780,5327,5396,24078,-0.051836232648040714
2016-11-03,5307,5612,5307,5504,10384,0.020014825796886626
2016-11-04,5602,5602,5415,5554,17443,0.009084302325581328
2016-11-07,5474,5612,5425,5613,11499,0.010622974432841215
2016-11-08,5681,5681,5504,5504,11036,-0.01941920541599862
2016-11-09,5602,5602,4992,5298,39320,-0.03742732558139539
2016-11-10,5366,5455,5287,5426,8692,0.024160060400151062
2016-11-11,5415,5849,5337,5563,49537,0.02524880206413571
2016-11-14,5563,5760,5563,5711,18474,0.02660435017077112
2016-11-15,5711,5809,5642,5751,17180,0.007004027315706596
2016-11-16,6498,7375,6006,6617,1859155,0.1505825073900191
2016-11-17,6508,6617,6262,6322,196256,-0.044582136920054416
2016-11-18,6321,6390,5996,6095,145199,-0.035906358747231915
2016-11-21,6085,6085,5898,5908,81358,-0.030680885972108274
2016-11-22,5957,5977,5849,5918,74115,0.0016926201760325554
2016-11-23,5917,6016,5760,5810,69532,-0.018249408583981053
2016-11-24,5819,5888,5652,5711,34658,-0.01703958691910501
2016-11-25,5711,5858,5573,5839,98360,0.02241288741026093
2016-11-28,5809,5819,5612,5701,66494,-0.023634183935605457
2016-11-29,5878,6252,5671,5751,234530,0.008770391159445667
2016-11-30,5799,5829,5553,5672,72424,-0.013736741436271904
2016-12-01,5583,5711,5524,5642,26218,-0.005289139633286366
2016-12-02,5632,6400,5346,5642,723635,0.0
2016-12-05,5602,5622,5277,5288,106369,-0.06274370790499828
2016-12-06,5199,5405,5189,5239,47065,-0.00926626323751889
2016-12-07,5218,5356,5120,5189,47116,-0.009543806069860605
2016-12-08,5159,5337,5110,5170,27811,-0.0036615918288687155
2016-12-09,5268,5268,5080,5189,31467,0.0036750483558993796
2016-12-12,5189,5484,5189,5465,33116,0.0531894391983041
2016-12-13,5465,5543,5366,5524,24936,0.010795974382433737
2016-12-14,5533,5671,5524,5593,24831,0.012490948587979833
2016-12-15,5612,5878,5533,5879,66419,0.05113534775612383
2016-12-16,5888,5937,5711,5839,29102,-0.006803878210580039
2016-12-19,5839,5957,5809,5839,22747,0.0
2016-12-20,5809,6282,5809,6026,97989,0.0320260318547696
2016-12-21,6075,6075,5868,5948,23058,-0.01294390972452708
2016-12-22,5878,5947,5681,5721,77234,-0.03816408876933419
2016-12-23,5415,5858,5386,5721,155102,0.0
2016-12-26,5809,5858,5661,5701,28370,-0.00349589232651637
2016-12-27,5632,5770,5484,5682,95960,-0.0033327486405894113
2016-12-28,5602,5849,5543,5790,109788,0.019007391763463666
2016-12-29,5789,6124,5711,6016,149247,0.03903281519861834
2017-01-02,6006,6095,5898,6095,64229,0.013131648936170137
2017-01-03,6124,6213,6055,6154,64798,0.009680065627563517
2017-01-04,6183,6223,6095,6204,38340,0.008124796880077945
2017-01-05,6282,6321,6173,6213,47986,0.0014506769825919363
2017-01-06,6233,6242,6006,6204,44081,-0.0014485755673587786
2017-01-09,6114,6242,6105,6243,44981,0.006286266924564687
2017-01-10,6272,6400,6173,6381,87223,0.022104757328207603
2017-01-11,6390,6469,6282,6302,49473,-0.012380504623099808
2017-01-12,6242,6420,6154,6253,51642,-0.0077753094255791355
2017-01-13,6252,6410,6213,6351,48820,0.015672477210938673
2017-01-16,6361,6420,6105,6341,46017,-0.001574555188159299
2017-01-17,6341,6380,6173,6204,25925,-0.021605425011827828
2017-01-18,6223,6341,6105,6253,30694,0.007898130238555678
2017-01-19,6262,6311,6144,6253,23866,0.0
2017-01-20,6262,6311,6055,6204,38994,-0.007836238605469337
2017-01-23,6154,6203,5996,5997,24618,-0.033365570599613203
2017-01-24,5927,6105,5839,5977,24017,-0.003335000833750157
2017-01-25,5986,6055,5740,5967,30988,-0.0016730801405386853
2017-01-26,5967,6055,5868,5997,21818,0.005027652086475598
2017-01-31,6045,6045,5898,6007,21979,0.001667500416875134
2017-02-01,5996,6193,5996,6105,39829,0.016314299983352765
2017-02-02,6055,6134,5927,6046,27726,-0.009664209664209666
2017-02-03,6016,6105,5908,6056,26552,0.0016539861065167916
2017-02-06,6055,6095,5996,6085,22171,0.0047886393659180015
2017-02-07,6016,6134,5967,6046,22434,-0.006409202958093663
2017-02-08,6006,6095,5947,6016,25172,-0.004961958319550153
2017-02-09,6016,6085,5917,6016,37287,0.0
2017-02-10,6085,6085,5839,6016,62485,0.0
2017-02-13,5917,6085,5908,5987,20878,-0.004820478723404298
2017-02-14,5947,6026,5908,5997,27961,0.001670285618840861
2017-02-15,5967,6055,5937,5938,24825,-0.009838252459563157
2017-02-16,5957,5967,5839,5869,33519,-0.011620074099023214
2017-02-17,5829,5947,5799,5938,29562,0.011756687681035993
2017-02-20,5937,5967,5829,5908,12968,-0.005052206130010117
2017-02-21,5977,6006,5839,5957,25175,0.0082938388625593
2017-02-22,5937,5986,5868,5908,12578,-0.008225616921269108
2017-02-23,5927,5927,5789,5810,29057,-0.016587677725118488
2017-02-24,5711,5957,5671,5672,58025,-0.02375215146299481
2017-02-27,5671,5829,5514,5800,64246,0.02256699576868826
2017-02-28,5799,5908,5642,5820,12584,0.0034482758620688614
2017-03-02,5819,5957,5711,5770,25931,-0.00859106529209619
2017-03-03,5770,5839,5622,5780,13211,0.0017331022530329143
2017-03-06,5681,5947,5661,5810,22695,0.00519031141868509
2017-03-07,5809,5917,5701,5800,19805,-0.0017211703958691649
2017-03-08,5760,5858,5711,5711,4873,-0.015344827586206922
2017-03-09,5711,5770,5366,5603,65213,-0.01891087375240763
2017-03-10,5494,5711,5435,5701,25022,0.017490630019632247
2017-03-13,5721,5809,5612,5810,38318,0.019119452727591746
2017-03-14,5809,5898,5642,5810,27635,0.0
2017-03-15,5809,6833,5730,6144,575276,0.057487091222030884
2017-03-16,6065,6292,6065,6213,46130,0.01123046875
2017-03-17,6213,6351,6144,6253,57159,0.006438113632705633
2017-03-20,6292,6311,6144,6263,33557,0.0015992323684630438
2017-03-21,6302,6302,6105,6184,26600,-0.012613763372185893
2017-03-22,6105,6223,6026,6125,21216,-0.009540750323415281
2017-03-23,6154,6183,6036,6144,19426,0.003102040816326479
2017-03-24,6095,6164,6045,6135,10846,-0.00146484375
2017-03-27,6055,6144,6016,6056,20209,-0.012876935615321883
2017-03-28,5986,6144,5977,6066,24163,0.0016512549537648358
2017-03-29,6085,6252,6065,6164,40306,0.01615562149686789
2017-03-30,6173,6814,6173,6784,597766,0.10058403634003898
2017-03-31,6853,6853,6587,6765,198381,-0.0028007075471697673
2017-04-03,6853,6863,6597,6765,99926,0.0
2017-04-04,6814,6951,6656,6942,188843,0.02616407982261637
2017-04-05,6902,7286,6853,7080,214052,0.019878997407087207
2017-04-06,7020,7276,7020,7129,120332,0.00692090395480216
2017-04-07,7070,7217,6892,7011,81881,-0.016552111095525346
2017-04-10,7010,7129,6745,6893,65005,-0.016830694622735676
2017-04-11,6981,6981,6617,6794,57431,-0.014362396634266639
2017-04-12,6814,6814,6400,6676,61324,-0.017368266117162245
2017-04-13,6676,6804,6498,6666,34271,-0.0014979029358898055
2017-04-14,6686,6754,6459,6637,30133,-0.004350435043504297
2017-04-17,6548,6843,6548,6844,15627,0.031188790116016163
2017-04-18,6764,6873,6646,6814,29522,-0.0043834015195791665
2017-04-19,6745,6922,6686,6804,32376,-0.0014675667742882759
2017-04-20,6843,6843,6686,6794,29249,-0.0014697236919458678
2017-04-21,6794,6863,6646,6686,21342,-0.01589637915808062
2017-04-24,6686,6725,6508,6647,31903,-0.005833084056236948
2017-04-25,6656,6715,6420,6568,38658,-0.01188506092974273
2017-04-26,6567,6646,6498,6627,28364,0.008982947624847748
2017-04-27,6626,6666,6479,6637,23007,0.0015089784216084645
2017-04-28,6735,6735,6498,6647,16593,0.0015067048365224878
2017-05-02,6577,6686,6558,6627,29144,-0.0030088761847449907
2017-05-04,6597,6754,6597,6686,3481,0.008902972687490518
2017-05-08,6695,6794,6617,6686,13844,0.0
2017-05-10,6626,6725,6479,6588,60171,-0.014657493269518374
2017-05-11,6587,6715,6508,6597,15492,0.001366120218579292
2017-05-12,6626,6695,6518,6519,10038,-0.01182355616189179
2017-05-15,6587,6646,6449,6519,17249,0.0
2017-05-16,6449,6587,6193,6312,52232,-0.03175333640128852
2017-05-17,6223,6498,6134,6400,24798,0.013941698352344822
2017-05-18,6302,6390,6213,6371,13903,-0.004531249999999987
2017-05-19,6351,6489,6282,6489,17308,0.01852142520797373
2017-05-22,6449,6528,6242,6243,24430,-0.037910309754969895
2017-05-23,6242,6361,6242,6332,12437,0.014255966682684695
2017-05-24,6302,6351,6124,6332,28428,0.0
2017-05-25,6331,6459,6193,6322,18068,-0.0015792798483891257
2017-05-26,6390,6390,6114,6135,18999,-0.029579247073710846
2017-05-29,6114,7552,5986,6204,2501237,0.011246943765281125
2017-05-30,6242,6242,6055,6154,219364,-0.008059316569954844
2017-05-31,6154,6203,5908,5957,202560,-0.03201169970750728
2017-06-01,5957,6026,5888,5967,78653,0.001678697330871337
2017-06-02,5937,6105,5917,6036,72927,0.011563599798893875
2017-06-05,6006,6173,6006,6154,55406,0.019549370444002623
2017-06-07,6154,6262,6095,6213,54218,0.009587260318492108
2017-06-08,6193,6252,6026,6194,93453,-0.003058103975535187
2017-06-09,6233,6233,5986,6105,141689,-0.014368743945753937
2017-06-12,6105,6144,6006,6085,36428,-0.003276003276003303
2017-06-13,6045,6233,6026,6076,41484,-0.0014790468364831444
2017-06-14,6085,6302,6055,6253,85710,0.02913100724160622
2017-06-15,6331,6331,6144,6213,60317,-0.006396929473852508
2017-06-16,6154,6361,6144,6302,68879,0.014324802832770045
2017-06-19,6370,6469,6233,6371,77198,0.010948905109489093
2017-06-20,6370,6380,6223,6341,34279,-0.0047088369172814115
2017-06-21,6341,6361,6154,6292,30936,-0.007727487777952957
2017-06-22,6292,6302,6164,6223,41291,-0.010966306420851835
2017-06-23,6203,6351,6183,6292,46479,0.011087899726819783
2017-06-26,6292,6361,6213,6263,25461,-0.004609027336300087
2017-06-27,6233,6351,6203,6272,23867,0.0014370110170844885
2017-06-28,6292,6400,6213,6302,26835,0.004783163265306145
2017-06-29,6311,6380,6154,6312,30280,0.0015867978419550344
2017-06-30,6311,6439,6223,6430,52775,0.018694550063371285
2017-07-03,6420,6479,6351,6460,116956,0.004665629860031162
2017-07-04,6656,6676,6302,6430,270578,-0.004643962848297267
2017-07-05,6370,6587,6302,6568,57910,0.021461897356143123
2017-07-06,6548,6636,6469,6588,53432,0.003045066991473888
2017-07-07,6439,6597,6400,6410,57307,-0.02701882210078932
2017-07-10,6351,6400,6095,6223,68124,-0.02917316692667704
2017-07-11,6262,6370,6223,6243,13816,0.003213883978788301
2017-07-12,6242,6361,6173,6253,12596,0.0016017940092905025
2017-07-13,6154,6331,6114,6243,17485,-0.0015992323684631549
2017-07-14,6183,6233,5858,5977,96684,-0.042607720647124814
2017-07-17,6026,6164,5829,6016,29781,0.006525012548101117
2017-07-18,6124,6242,5957,6154,17605,0.02293882978723394
2017-07-19,6075,6154,5977,6115,38660,-0.006337341566460819
2017-07-20,6164,6164,6055,6135,10009,0.003270645952575535
2017-07-21,6134,6282,6036,6243,18853,0.01760391198044009
2017-07-24,6262,6843,6213,6400,300523,0.025148165945859446
2017-07-25,6351,6686,6351,6519,123046,0.018593749999999964
2017-07-26,6528,6735,6449,6509,87389,-0.0015339776039269282
2017-07-27,6518,6597,6459,6538,24575,0.00445536948840064
2017-07-28,6498,6538,6321,6538,26683,0.0
2017-07-31,6538,6538,6351,6420,22253,-0.018048332823493385
2017-08-01,6430,6489,6370,6489,31712,0.010747663551401887
2017-08-02,6489,6548,6341,6351,30544,-0.021266759130836754
2017-08-03,6311,6439,6036,6302,37791,-0.007715320421980754
2017-08-04,6302,6479,6114,6292,19075,-0.0015867978419549233
2017-08-07,6292,6439,6213,6322,20796,0.004767959313413783
2017-08-08,6331,6400,6242,6351,25150,0.004587155963302836
2017-08-09,6331,6430,6134,6302,36056,-0.007715320421980754
2017-08-10,6193,6321,6105,6233,22832,-0.010948905109489093
2017-08-11,6154,6193,5908,6036,43438,-0.031605968233595405
2017-08-14,5917,6095,5809,5810,38780,-0.037442014579191496
2017-08-16,5957,6006,5829,5987,9699,0.030464716006884718
2017-08-17,5967,6252,5908,6085,12867,0.01636879906463995
2017-08-18,6144,6144,5829,6085,30794,0.0
2017-08-21,6016,6183,5927,6036,16767,-0.008052588331963872
2017-08-22,6036,6124,5967,6056,14862,0.003313452617627499
2017-08-23,6134,6242,5967,6184,27364,0.021136063408190298
2017-08-24,6213,6321,6095,6204,21542,0.0032341526520052177
2017-08-25,6292,6292,6095,6144,16734,-0.009671179883945835
2017-08-28,6144,6262,6114,6223,12241,0.01285807291666674
2017-08-29,6223,6272,6114,6154,16309,-0.011087899726819894
2017-08-30,6134,6262,6114,6164,13505,0.001624959376015589
2017-08-31,6164,6292,6105,6263,29173,0.01606099935107075
2017-09-01,6134,6302,6134,6243,12410,-0.0031933578157432585
2017-09-04,6105,6351,6085,6204,16528,-0.006246996636232627
2017-09-05,6311,6351,6173,6292,37841,0.014184397163120588
2017-09-06,6351,6351,6223,6312,21746,0.0031786395422759295
2017-09-07,6351,6351,6213,6223,6205,-0.014100126742712327
2017-09-08,6252,6252,6055,6174,20123,-0.007874015748031482
2017-09-11,6173,6282,6075,6184,14578,0.0016196954972464983
2017-09-12,6124,6262,6095,6184,21472,0.0
2017-09-13,6183,6272,6055,6105,24692,-0.012774902975420388
2017-09-14,6203,6223,6026,6095,27638,-0.0016380016380016515
2017-09-15,6036,6173,5967,6105,12900,0.001640689089417613
2017-09-18,6144,6173,5917,5967,22857,-0.022604422604422636
2017-09-19,5986,6144,5888,5908,30305,-0.00988771577006875
2017-09-20,5927,5996,5898,5918,17594,0.0016926201760325554
2017-09-21,5947,6006,5809,5908,14943,-0.0016897600540722868
2017-09-22,5809,5937,5642,5760,43816,-0.025050778605280932
2017-09-25,5760,5917,5425,5869,65363,0.01892361111111107
2017-09-26,6006,6006,5583,5593,41489,-0.04702675072414375
2017-09-27,5602,5691,5484,5544,8424,-0.008760951188986232
2017-09-28,5484,5701,5484,5544,6143,0.0
2017-09-29,5543,5681,5504,5563,3048,0.003427128427128334
2017-10-10,5524,5602,5366,5367,30960,-0.035232788063994214
2017-10-11,5376,5553,5317,5465,6249,0.018259735420160128
2017-10-12,5642,5642,5287,5465,21499,0.0
2017-10-13,5612,5612,5071,5160,104278,-0.055809698078682524
2017-10-16,5415,5415,4943,5032,9811,-0.024806201550387597
2017-10-17,5159,5159,4844,4933,34179,-0.01967408585055641
2017-10-18,4859,5080,4859,4864,16168,-0.013987431583215137
2017-10-19,5041,5041,4824,4825,12258,-0.008018092105263164
2017-10-20,4864,5071,4765,4874,12593,0.010155440414507666
2017-10-23,4859,5012,4815,4815,7868,-0.01210504718916705
2017-10-24,4800,5021,4800,4914,5532,0.020560747663551426
2017-10-25,4854,4992,4731,4874,16417,-0.008140008140008148
2017-10-26,4913,4913,4696,4756,38406,-0.02421009437833399
2017-10-27,4760,4864,4746,4825,4738,0.014507989907485364
2017-10-30,4859,5012,4775,4919,10905,0.019481865284974198
2017-10-31,4898,4992,4765,4894,8434,-0.005082333807684525
2017-11-01,4923,4943,4854,4879,4599,-0.0030649775234982135
2017-11-02,4903,4903,4637,4776,101225,-0.021110883377741363
2017-11-03,4785,4815,4721,4815,7534,0.00816582914572872
2017-11-06,4893,4893,4780,4859,9341,0.009138110072689498
2017-11-07,4943,5002,4839,5002,28754,0.029429923852644535
2017-11-08,5002,5297,4869,5268,49259,0.05317872850859651
2017-11-09,5268,5484,5120,5475,38987,0.039293849658314395
2017-11-10,5514,5514,5297,5307,16013,-0.030684931506849367
2017-11-13,5435,5514,5396,5475,27343,0.03165630299604305
2017-11-14,5425,5671,5396,5593,15310,0.021552511415525055
2017-11-15,5593,5661,5484,5495,18897,-0.017521902377972465
2017-11-16,5494,5652,5327,5504,26522,0.0016378525932665422
2017-11-17,5593,5593,5415,5465,9664,-0.007085755813953543
2017-11-20,5465,5612,5415,5534,13881,0.012625800548947907
2017-11-21,5563,5563,5327,5347,19647,-0.03379110950487896
2017-11-22,5346,5524,5169,5199,31088,-0.02767907237703382
2017-11-23,5208,5405,5021,5150,20349,-0.009424889401808079
2017-11-24,5159,5327,5149,5239,22553,0.017281553398058147
2017-11-27,5386,5386,5090,5120,29170,-0.0227142584462684
2017-11-28,5090,5179,5071,5120,9395,0.0
2017-11-29,5120,5317,5090,5111,12439,-0.0017578124999999556
2017-11-30,5159,5159,4982,5022,15088,-0.017413422030913672
2017-12-01,5021,5080,4992,5061,7250,0.0077658303464755996
2017-12-04,4962,6252,4962,5514,703472,0.08950800237107281
2017-12-05,5425,5612,5327,5416,74195,-0.017772941603191872
2017-12-06,5465,5543,5080,5396,66376,-0.0036927621861152504
2017-12-07,5474,5474,5140,5150,23689,-0.04558932542624161
2017-12-08,5090,5189,5012,5071,18355,-0.015339805825242747
2017-12-11,5110,5169,5031,5042,12040,-0.005718793137448275
2017-12-12,5041,5120,4893,4923,18927,-0.02360174533915116
2017-12-13,4923,5021,4893,4983,11975,0.01218769043266299
2017-12-14,5071,5071,4923,5002,28188,0.0038129640778648
2017-12-15,4982,5189,4982,5150,22735,0.029588164734106304
2017-12-18,5130,5415,5051,5317,35908,0.03242718446601933
2017-12-19,5307,5317,5100,5189,10118,-0.02407372578521727
2017-12-20,5100,5199,5002,5002,6224,-0.03603777221044513
2017-12-21,5031,5366,4992,5229,24368,0.04538184726109562
2017-12-22,5228,5277,5021,5051,9927,-0.03404092560719063
2017-12-26,5061,5100,4824,4884,50154,-0.03306275984953477
2017-12-27,4879,4962,4775,4879,11072,-0.0010237510237510739
2017-12-28,4933,4992,4859,4914,11968,0.007173601147776099
2018-01-02,4913,5021,4824,4953,18042,0.007936507936507908
2018-01-03,5021,5041,4795,4825,72145,-0.025842923480718705
2018-01-04,4918,4923,4820,4840,70980,0.0031088082901553626
2018-01-05,4888,4923,4824,4919,15301,0.016322314049586728
2018-01-08,4923,4992,4849,4914,11561,-0.0010164667615368828
2018-01-09,4913,4918,4839,4919,6822,0.001017501017501088
2018-01-10,4918,4992,4913,4963,13567,0.008944907501524657
2018-01-11,5012,5012,4834,4992,17711,0.005843239975821035
2018-01-12,5041,5543,4933,5317,110955,0.06510416666666674
2018-01-15,5396,5396,5100,5248,32717,-0.012977242806093692
2018-01-16,5297,5317,5021,5317,29320,0.013147865853658569
2018-01-17,5337,5337,5208,5268,14476,-0.009215723152153465
2018-01-18,5327,5465,5189,5455,36771,0.03549734244495073
2018-01-19,5455,7089,5455,5731,2173787,0.05059578368469286
2018-01-22,5780,5799,5563,5751,201605,0.003489792357354693
2018-01-23,5809,5809,5533,5593,241944,-0.02747348287254392
2018-01-24,5593,5593,5356,5367,149639,-0.04040765242267119
2018-01-25,5346,5514,5238,5347,112237,-0.0037264766163592755
2018-01-26,5445,5622,5327,5623,98461,0.05161772956798205
2018-01-29,5691,5701,5563,5603,59198,-0.003556820202738731
2018-01-30,5563,5691,5425,5554,55088,-0.008745315009816124
2018-01-31,5494,6036,5376,5751,412499,0.03546993158084266
2018-02-01,5691,5888,5661,5751,108178,0.0
2018-02-02,5760,5819,5455,5485,88951,-0.04625282559554855
2018-02-05,5327,5474,4952,4992,179874,-0.08988149498632636
2018-02-06,4824,4824,4480,4795,105868,-0.03946314102564108
2018-02-07,4756,4844,4628,4648,63874,-0.03065693430656935
2018-02-08,4647,4785,4647,4727,21469,0.016996557659208156
2018-02-09,4618,4726,4598,4662,48372,-0.013750793314998955
2018-02-12,4677,4795,4608,4692,15106,0.006435006435006496
2018-02-13,4824,4824,4682,4756,19997,0.01364023870417741
2018-02-14,4726,4815,4701,4751,11384,-0.0010513036164844225
2018-02-19,4751,5012,4731,4904,62262,0.0322037465796674
2018-02-20,4943,4943,4829,4874,23618,-0.006117455138662353
2018-02-21,4898,4962,4815,4874,28545,0.0
2018-02-22,4918,4962,4815,4909,17987,0.0071809601969634596
2018-02-23,4908,4913,4829,4855,10297,-0.01100020370747612
2018-02-26,4854,4918,4810,4835,17039,-0.004119464469618972
2018-02-27,4820,4893,4780,4879,29164,0.009100310237849074
2018-02-28,4893,4898,4726,4727,45856,-0.03115392498462799
2018-03-02,4677,4731,4647,4731,15216,0.0008462026655384758
2018-03-05,4736,4820,4628,4697,12664,-0.007186641302050267
2018-03-06,4746,4746,4534,4662,15115,-0.007451564828613977
2018-03-07,4534,4696,4534,4677,18161,0.003217503217503248
2018-03-08,4677,4726,4608,4672,6722,-0.0010690613641223257
2018-03-09,4672,4815,4450,4677,19446,0.0010702054794520244
2018-03-12,4765,4765,4603,4727,39212,0.010690613641223035
2018-03-13,4741,4810,4652,4727,16582,0.0
2018-03-14,4731,4770,4672,4756,8224,0.006134969325153339
2018-03-15,4751,4903,4677,4766,9296,0.002102607232968845
2018-03-16,4765,4824,4726,4766,9009,0.0
2018-03-19,4696,4790,4623,4727,120748,-0.008182962652119152
2018-03-20,4632,4726,4628,4638,44848,-0.018828009308229365
2018-03-21,4647,4746,4637,4667,40862,0.00625269512720994
2018-03-22,4652,4751,4652,4727,28291,0.012856224555388929
2018-03-23,4672,4721,4524,4525,48536,-0.04273323460968903
2018-03-26,4524,4667,4460,4633,23538,0.0238674033149171
2018-03-27,4726,4805,4623,4727,41060,0.020289229440966894
2018-03-28,4785,4785,4647,4687,6325,-0.00846202665538398
2018-03-29,4741,4751,4647,4707,17164,0.004267121826328157
2018-03-30,4701,4775,4657,4761,15547,0.011472275334607929
2018-04-02,4775,4824,4682,4697,17984,-0.01344255408527617
2018-04-03,4726,4810,4647,4766,23808,0.014690227804981859
2018-04-04,4854,4854,4696,4766,53192,0.0
2018-04-05,4760,4864,4701,4731,28494,-0.007343684431388997
2018-04-06,4741,4810,4618,4766,12953,0.007398013105051726
2018-04-09,4746,4790,4677,4702,2323,-0.013428451531682706
2018-04-10,4746,4751,4603,4623,28715,-0.016801361122926406
2018-04-11,4746,4746,4632,4692,12735,0.014925373134328401
2018-04-12,4810,4810,4618,4638,11087,-0.011508951406649648
2018-04-13,4637,4726,4598,4613,15527,-0.005390254420008622
2018-04-16,4613,4770,4613,4687,17662,0.01604162150444388
2018-04-17,4736,4741,4647,4687,6670,0.0
2018-04-18,4795,4795,4677,4751,17834,0.01365478984425006
2018-04-19,4751,4770,4632,4633,38543,-0.024836876447063783
2018-04-20,4632,4810,4632,4736,7864,0.02223181523850637
2018-04-23,4736,4849,4682,4712,25004,-0.0050675675675675436
2018-04-24,4741,4824,4657,4766,13004,0.011460101867572181
2018-04-25,4775,4854,4667,4805,28865,0.008182962652119263
2018-04-26,4805,5465,4805,5022,245488,0.04516129032258065
2018-04-27,5080,5080,4888,5002,74570,-0.003982477100756721
2018-04-30,5002,5071,4834,5002,43236,0.0
2018-05-02,4982,5002,4874,5002,19824,0.0
2018-05-03,5012,5218,5012,5120,123616,0.023590563774490203
2018-05-04,5120,5179,5051,5101,27345,-0.0037109374999999556
2018-05-08,5100,5140,5012,5022,29689,-0.015487159380513593
2018-05-09,5021,5248,4874,5179,91126,0.031262445240939796
2018-05-10,5218,5218,5071,5120,36203,-0.011392160648773908
2018-05-11,5120,5179,5021,5160,18624,0.0078125
2018-05-14,5100,5248,5061,5120,23622,-0.007751937984496138
2018-05-15,5120,5169,4933,5022,20448,-0.019140625000000022
2018-05-16,4923,5012,4854,4973,24977,-0.009757068896853793
2018-05-17,4972,5071,4903,4992,18124,0.003820631409611863
2018-05-18,5021,5100,4962,4983,5025,-0.0018028846153845812
2018-05-21,4943,5130,4913,5130,38819,0.02950030102347978
2018-05-23,5130,5130,4992,5002,19125,-0.02495126705653017
2018-05-24,4982,5061,4923,4943,18595,-0.011795281887245102
2018-05-25,4933,4933,4775,4909,15344,-0.006878413918672832
2018-05-28,4923,4992,4824,4825,13793,-0.017111427989407235
2018-05-29,4824,4903,4726,4855,18999,0.006217616580310947
2018-05-30,4849,4908,4756,4761,11652,-0.01936148300720908
2018-05-31,4706,4884,4706,4766,8345,0.0010501995379121887
2018-06-01,4760,4874,4760,4820,4473,0.011330255979857373
2018-06-04,4888,4893,4746,4855,4683,0.007261410788381717
2018-06-05,4849,5593,4849,5042,498397,0.03851699279093723
2018-06-07,5041,5041,4805,4943,68753,-0.019635065450218203
2018-06-08,4943,5041,4864,4884,27675,-0.011936071211814725
2018-06-11,4884,5041,4879,5012,50706,0.026208026208026203
2018-06-12,5002,5051,4884,4889,32627,-0.02454110135674381
2018-06-14,4874,4972,4844,4923,23432,0.0069543874002864214
2018-06-15,4923,4962,4874,4904,13488,-0.003859435303676606
2018-06-18,4874,5041,4874,5032,49696,0.02610114192495927
2018-06-19,5031,5090,4943,5012,83117,-0.003974562798092163
2018-06-20,5021,5691,5021,5691,881466,0.13547486033519562
2018-06-21,5583,5770,5484,5593,332548,-0.017220172201722006
2018-06-22,5563,5967,5218,5229,994995,-0.06508135168961204
2018-06-25,5169,5356,5041,5327,187447,0.018741633199464536
2018-06-26,5297,5888,5228,5800,1230931,0.08879294161817164
2018-06-27,5888,5927,5602,5682,395828,-0.020344827586206926
2018-06-28,5593,6085,5337,5426,744379,-0.045054558254135846
2018-06-29,5533,5632,5248,5613,215737,0.03446369332841881
2018-07-02,5612,5858,5415,5662,285497,0.008729734544806744
2018-07-03,5789,5829,5524,5780,267287,0.020840692334864075
2018-07-04,5681,5829,5602,5711,158801,-0.011937716262975795
2018-07-05,5642,5721,5189,5426,267812,-0.04990369462440902
2018-07-06,5366,5494,5238,5406,146253,-0.0036859565057132393
2018-07-09,5415,5455,5071,5307,152204,-0.018312985571587115
2018-07-10,5346,5346,5100,5298,93471,-0.0016958733747880483
2018-07-11,5287,5337,5140,5189,103693,-0.020573801434503602
2018-07-12,5208,5642,5189,5455,175899,0.05126228560416268
2018-07-13,5484,5553,5277,5435,77444,-0.0036663611365719273
2018-07-16,5435,5465,5268,5376,85697,-0.010855565777368903
2018-07-17,5346,5405,5169,5386,91017,0.0018601190476190688
2018-07-18,5386,5415,5021,5022,211666,-0.06758262161158557
2018-07-19,5061,5100,4632,4672,242468,-0.06969334926324178
2018-07-20,4524,4751,4524,4677,91669,0.0010702054794520244
2018-07-23,4568,4721,4332,4333,180707,-0.07355142185161423
2018-07-24,4332,4440,4253,4387,63412,0.012462497115162785
2018-07-25,4367,4426,4135,4210,86456,-0.04034647823113746
2018-07-26,4293,4440,4258,4411,39192,0.0477434679334916
2018-07-27,4411,4480,4303,4372,46777,-0.008841532532305574
2018-07-30,4376,4475,4308,4347,18031,-0.005718206770356837
2018-07-31,4347,4381,4273,4342,17937,-0.0011502185415228627
2018-08-01,4352,4514,4298,4470,31484,0.029479502533394708
2018-08-02,4470,4544,4352,4466,39050,-0.0008948545861297008
2018-08-03,4465,4524,4342,4392,25747,-0.01656963725929239
2018-08-06,4386,4509,4317,4333,29854,-0.01343351548269578
2018-08-07,4411,4436,4278,4421,26026,0.020309254558043
2018-08-08,4431,4495,4312,4416,30170,-0.0011309658448315218
2018-08-09,4381,4485,4381,4451,29935,0.007925724637681153
2018-08-10,4450,4519,4362,4387,45896,-0.014378791282857795
2018-08-13,4406,4504,4224,4229,44646,-0.03601550034191936
2018-08-14,4229,4293,4155,4160,41784,-0.016315913927642423
2018-08-16,4056,4184,4037,4180,40151,0.004807692307692291
2018-08-17,4180,4593,4175,4382,151435,0.04832535885167455
2018-08-20,4436,4465,4376,4392,23132,0.0022820629849384932
2018-08-21,4391,4401,4352,4392,14516,0.0
2018-08-22,4372,4495,4352,4372,20486,-0.004553734061930825
2018-08-23,4357,4450,4312,4313,29191,-0.01349496797804206
2018-08-24,4332,4396,4234,4269,24815,-0.010201715743102246
2018-08-27,4332,4332,4224,4234,34255,-0.008198641368001858
2018-08-28,4229,4362,4229,4342,18760,0.025507794048181376
2018-08-29,4332,4376,4165,4274,26660,-0.01566098572086594
2018-08-30,4219,4258,4184,4239,34289,-0.008189050070191883
2018-08-31,4342,4342,4189,4234,39133,-0.0011795234725171522
2018-09-03,4332,4342,4189,4205,17440,-0.006849315068493178
2018-09-04,4204,4298,4170,4224,21491,0.00451843043995237
2018-09-05,4293,4312,4209,4288,28410,0.015151515151515138
2018-09-06,4288,4372,4189,4205,19399,-0.019356343283582045
2018-09-07,4204,4317,4189,4195,30562,-0.0023781212841854638
2018-09-10,4194,4278,4165,4200,27972,0.0011918951132301459
2018-09-11,4199,4273,4175,4244,18001,0.010476190476190528
2018-09-12,4263,4332,4214,4333,42226,0.02097078228086713
2018-09-13,4396,5632,4283,5632,3640049,0.2997922917147473
2018-09-14,5524,6075,5100,5101,2768226,-0.09428267045454541
2018-09-17,5140,5238,4952,5150,690422,0.009605959615761606
2018-09-18,5524,6016,4746,4791,3828755,-0.06970873786407772
2018-09-19,4756,4972,4687,4894,407959,0.02149864328950124
2018-09-20,4834,4893,4529,4564,294632,-0.06742950551695959
2018-09-21,4564,4652,4534,4628,97193,0.014022787028922012
2018-09-27,4628,4662,4440,4495,127784,-0.02873811581676755
2018-09-28,4504,4623,4480,4554,95110,0.013125695216907651
2018-10-01,4554,4647,4362,4382,121938,-0.03776899429073344
2018-10-02,4381,4426,4303,4338,89014,-0.010041077133728926
2018-10-04,4337,4524,4322,4525,111562,0.04310742277547264
2018-10-05,4401,4564,4401,4539,76907,0.003093922651933756
2018-10-08,4559,4559,4352,4377,53277,-0.03569068076668869
2018-10-10,4352,4455,4135,4136,73008,-0.05506054375142788
2018-10-11,3884,4056,3805,3806,101310,-0.07978723404255317
2018-10-12,3672,3928,3672,3919,108856,0.029689963215974835
2018-10-15,3869,4017,3845,3914,68502,-0.001275835672365444
2018-10-16,4017,4047,3855,3993,40796,0.02018395503321413
2018-10-17,4081,4115,3943,4008,38464,0.0037565740045077956
2018-10-18,4091,4125,3992,4042,30038,0.008483033932135786
2018-10-19,4111,4111,3702,3988,51771,-0.013359722909450755
2018-10-22,3987,3987,3835,3924,17433,-0.016048144433299938
2018-10-23,4022,4022,3820,3899,23838,-0.006371049949031593
2018-10-24,3894,3968,3643,3673,33080,-0.057963580405232085
2018-10-25,3490,3633,3397,3446,30851,-0.061802341410291284
2018-10-26,3456,3544,3269,3338,39320,-0.031340684852002365
2018-10-29,3397,3397,2747,2831,58913,-0.15188735769922113
2018-10-30,2565,3052,2565,3053,95779,0.07841752031084415
2018-10-31,3141,3298,3022,3161,29698,0.035375040943334435
2018-11-01,3205,3328,3136,3269,27780,0.03416640303701368
2018-11-02,3239,3904,3239,3589,347663,0.0978892627714898
2018-11-05,3544,3628,3436,3614,26512,0.0069657286152131626
2018-11-06,3608,3608,3338,3353,53370,-0.07221914775871607
2018-11-07,3352,3495,3254,3254,42300,-0.029525797793021225
2018-11-08,3352,3436,3318,3333,22773,0.024277811923786086
2018-11-09,3333,4115,3328,3771,268558,0.1314131413141315
2018-11-12,3953,4898,3825,4357,3532689,0.15539644656589768
2018-11-13,4219,4327,4017,4086,516871,-0.0621987606151021
2018-11-14,4111,4111,3909,3988,290236,-0.023984336759667158
2018-11-15,3914,3978,3746,3894,199832,-0.023570712136409266
2018-11-16,3894,3997,3815,3899,118030,0.0012840267077556256
2018-11-19,3874,4002,3781,3796,74349,-0.026417030007694242
2018-11-20,3731,3746,3461,3688,84611,-0.028451001053740765
2018-11-21,3579,3963,3574,3619,205857,-0.018709327548806942
2018-11-22,3628,3746,3584,3584,33977,-0.009671179883945835
2018-11-23,3589,3643,3347,3348,66588,-0.0658482142857143
2018-11-26,3436,3756,3421,3510,88970,0.048387096774193505
2018-11-27,3643,3697,3505,3673,38812,0.04643874643874635
2018-11-28,3746,3746,3579,3624,24042,-0.013340593520283162
2018-11-29,3741,3741,3372,3496,47653,-0.03532008830022071
2018-11-30,3623,3623,3456,3476,43866,-0.005720823798627039
2018-12-03,3589,3603,3490,3565,25364,0.025604142692750242
2018-12-04,3594,3731,3515,3658,36902,0.026086956521739202
2018-12-05,3589,3658,3535,3579,11036,-0.021596500820120323
2018-12-06,3579,3579,3426,3427,28384,-0.04246996367700473
2018-12-07,3416,3569,3411,3569,34007,0.041435658009921106
2018-12-10,3569,4037,3554,3860,381858,0.08153544410198932
2018-12-11,3948,4470,3933,4165,1413229,0.07901554404145084
2018-12-12,4037,4244,3958,3958,229395,-0.049699879951980774
2018-12-13,3874,4431,3874,4003,397955,0.011369378473976788
2018-12-14,4081,4406,4076,4406,658347,0.10067449412940288
2018-12-17,4918,5484,4692,4712,3372606,0.06945074897866554
2018-12-18,4657,4657,4061,4136,589409,-0.12224108658743638
2018-12-19,4194,4253,3987,4013,322067,-0.029738878143133474
2018-12-20,4012,4529,3992,4175,731301,0.04036880139546484
2018-12-21,4165,4170,3992,3993,160962,-0.043592814371257504
2018-12-24,3864,4248,3864,4249,159948,0.06411219634360132
2018-12-26,4248,4322,4066,4190,146832,-0.013885620145916655
2018-12-27,4298,4298,3983,4219,98520,0.0069212410501193755
2018-12-28,4288,4322,4056,4096,105913,-0.029153827921308384
2019-01-02,4096,4189,3810,3811,134886,-0.069580078125
2019-01-03,3835,3958,3741,3880,91358,0.01810548412490154
2019-01-04,3879,4002,3756,3850,45596,-0.0077319587628865705
2019-01-07,3889,4042,3869,4027,81221,0.045974025974026
2019-01-08,4027,4051,3884,3885,34987,-0.03526198162403771
2019-01-09,3855,3978,3820,3958,62320,0.018790218790218693
2019-01-10,3978,3978,3855,3899,52442,-0.014906518443658423
2019-01-11,4002,4253,3869,4180,180860,0.07206976147730182
2019-01-14,4234,4234,4115,4200,58469,0.004784688995215225
2019-01-15,4229,4495,4135,4264,250187,0.015238095238095273
2019-01-16,4312,4342,4204,4214,69532,-0.011726078799249584
2019-01-17,4209,4293,4037,4165,51657,-0.011627906976744207
2019-01-18,4125,4209,4076,4131,50382,-0.008163265306122436
2019-01-21,4130,4189,3987,4057,47081,-0.017913338174776028
2019-01-22,4101,4234,4037,4234,47152,0.0436282967710131
2019-01-23,4253,4480,4189,4200,114492,-0.00803023145961268
2019-01-24,4199,4303,4194,4283,48185,0.01976190476190487
2019-01-25,4283,4332,4209,4293,53187,0.002334812047630086
2019-01-28,4381,4411,4283,4338,39378,0.01048218029350112
2019-01-29,4337,4337,4165,4180,59935,-0.03642231443061317
2019-01-30,4184,4386,4150,4274,50353,0.02248803827751189
2019-01-31,4303,4396,4184,4185,67798,-0.020823584464202183
2019-02-01,4184,4229,4047,4096,73835,-0.02126642771804066
2019-02-07,4096,4322,4042,4234,72006,0.03369140625
2019-02-08,4263,4332,4189,4234,33024,0.0
2019-02-11,4234,4500,4194,4372,121280,0.03259329239489839
2019-02-12,4332,4401,4273,4323,60323,-0.011207685269899348
2019-02-13,4317,4810,4258,4598,277112,0.06361323155216292
2019-02-14,4583,4667,4470,4549,82383,-0.010656807307525051
2019-02-15,4490,5366,4450,4451,1114059,-0.02154319630688062
2019-02-18,4450,4623,4406,4475,117722,0.005392046731071742
2019-02-19,4455,4992,4440,4830,856546,0.07932960893854757
2019-02-20,4790,4824,4637,4638,150391,-0.039751552795031064
2019-02-21,4618,4775,4455,4682,114852,0.009486847779215157
2019-02-22,4726,4726,4465,4490,81362,-0.04100811618966249
2019-02-25,4490,5612,4450,4983,2650249,0.10979955456570156
2019-02-26,4908,4943,4578,4579,706060,-0.08107565723459764
2019-02-27,4559,4746,4485,4584,293908,0.0010919414719370302
2019-02-28,4559,4667,4135,4269,272725,-0.06871727748691103
2019-03-04,4312,4490,4268,4421,81283,0.03560552822675089
2019-03-05,4421,4460,4273,4283,85339,-0.03121465731734907
2019-03-06,4372,4455,4288,4411,48827,0.029885594209666078
2019-03-07,4445,4524,4288,4421,82700,0.002267059623668022
2019-03-08,4421,4421,4258,4283,67628,-0.03121465731734907
2019-03-11,4391,4391,4056,4096,74090,-0.04366098529068407
2019-03-12,4101,4219,4051,4086,46791,-0.00244140625
2019-03-13,4086,4165,3958,4047,42110,-0.009544787077826689
2019-03-14,3978,4224,3953,4057,50846,0.0024709661477637646
2019-03-15,4056,4115,3919,3954,70123,-0.025388217894996346
2019-03-18,3953,4071,3933,4027,18794,0.018462316641375764
2019-03-19,4086,4125,3938,4022,33526,-0.0012416190712689623
2019-03-20,4047,4056,3953,4057,9431,0.00870213823968169
2019-03-21,4135,4135,3943,3988,20073,-0.017007641114123784
2019-03-22,4086,4086,3845,3845,30913,-0.035857572718154485
2019-03-25,3840,3840,3722,3722,31518,-0.031989596879063664
2019-03-26,3722,3864,3697,3742,15575,0.005373455131649552
2019-03-27,3810,3835,3727,3776,19529,0.00908605024051301
2019-03-28,3776,3820,3751,3757,20508,-0.005031779661016977
2019-03-29,3756,3879,3756,3766,12423,0.0023955283470853406
2019-04-01,3830,3958,3800,3850,16784,0.02230483271375472
2019-04-02,3859,4007,3850,3968,32102,0.030649350649350593
2019-04-03,4027,4101,3973,4101,51433,0.03351814516129026
2019-04-04,4115,4125,4017,4077,31555,-0.005852231163130939
2019-04-05,4076,4140,3983,4018,37679,-0.014471425067451582
2019-04-08,4037,4199,4037,4150,60009,0.03285216525634649
2019-04-09,4091,4485,4091,4288,279282,0.033253012048192865
2019-04-10,4229,4332,4175,4269,52238,-0.0044309701492537545
2019-04-11,4253,4332,4175,4323,46729,0.012649332396345692
2019-04-12,4367,4475,4234,4303,86366,-0.004626416840157299
2019-04-15,4303,4347,4184,4234,40095,-0.016035324192423928
2019-04-16,4234,4426,4194,4387,45766,0.036136041568257005
2019-04-17,4386,4480,4322,4480,78233,0.021198997036699252
2019-04-18,4436,4509,4283,4323,45124,-0.035044642857142816
2019-04-19,4386,4554,4303,4510,67854,0.04325699745547085
2019-04-22,4509,4603,4372,4500,43558,-0.0022172949002217113
2019-04-23,4436,4495,4332,4333,19590,-0.037111111111111095
2019-04-24,4376,4426,4175,4377,71693,0.010154627279021389
2019-04-25,4376,4450,4224,4244,13981,-0.030386109207219514
2019-04-26,4283,4431,4086,4155,38116,-0.02097078228086713
2019-04-29,4155,4248,4091,4234,20994,0.019013237063778554
2019-04-30,4234,4332,4204,4293,10781,0.01393481341521019
2019-05-02,4253,4746,4253,4584,233740,0.06778476589797355
2019-05-03,4588,4687,4514,4613,75421,0.006326352530541035
2019-05-07,4568,4657,4431,4658,57953,0.009755040104053814
2019-05-08,4657,4765,4391,4392,82625,-0.057106054100472314
2019-05-09,4391,4504,4042,4126,96527,-0.060564663023679466
2019-05-10,4125,4234,4047,4150,24127,0.00581677169171102
2019-05-13,4150,4155,3909,3909,32124,-0.058072289156626544
2019-05-14,3850,4081,3791,4042,39774,0.03402404707086215
2019-05-15,4042,4283,3983,4185,41717,0.035378525482434364
2019-05-16,4184,4199,4047,4057,34752,-0.030585424133811268
2019-05-17,4002,4248,3894,3929,54169,-0.03155040670446141
2019-05-20,3968,3968,3800,3840,44113,-0.02265207431916516
2019-05-21,3840,3928,3776,3830,41925,-0.0026041666666666297
2019-05-22,3830,4002,3830,3988,22181,0.04125326370757176
2019-05-23,3933,4012,3850,3860,25663,-0.032096288866599765
2019-05-24,3859,3859,3594,3614,68559,-0.06373056994818649
2019-05-27,3618,3761,3618,3688,10657,0.02047592695074707
2019-05-28,3687,3889,3677,3840,25766,0.04121475054229928
2019-05-29,3840,3874,3791,3845,9590,0.0013020833333332593
2019-05-30,3845,3855,3786,3796,4188,-0.012743823146944111
2019-05-31,3776,3879,3771,3830,6597,0.008956796628029506
2019-06-03,3830,3830,3761,3766,13663,-0.016710182767624038
2019-06-04,3746,3746,3643,3732,12863,-0.009028146574614926
2019-06-05,3717,3850,3677,3781,18281,0.01312968917470525
2019-06-07,3781,3855,3731,3835,18127,0.014281935995768213
2019-06-10,3810,3997,3810,3954,35482,0.031029986962190392
2019-06-11,3953,4056,3933,3958,10094,0.001011633788568611
2019-06-12,3958,3958,3859,3914,14849,-0.011116725618999457
2019-06-13,3914,3978,3869,3929,22532,0.0038323965252937686
2019-06-14,3923,3938,3889,3934,10182,0.0012725884448969715
2019-06-17,3933,4086,3899,4086,48569,0.03863751906456536
2019-06-18,3978,4042,3909,3909,41310,-0.043318649045521296
2019-06-19,3909,3997,3904,3909,31935,0.0
2019-06-20,3874,4047,3874,4037,27137,0.03274494755691992
2019-06-21,4051,4165,4051,4101,55647,0.015853356452811385
2019-06-24,4111,4135,4047,4047,25577,-0.013167520117044584
2019-06-25,4047,4115,4002,4047,17228,0.0
2019-06-26,4047,4135,4012,4037,13374,-0.0024709661477637646
2019-06-27,4047,4332,3997,4037,78577,0.0
2019-06-28,4047,4086,3830,3875,30791,-0.04012880852117906
2019-07-01,3874,3874,3746,3766,23445,-0.028129032258064512
2019-07-02,3766,3928,3741,3811,8692,0.011949017525225702
2019-07-03,3815,3889,3766,3845,11225,0.008921542902125434
2019-07-04,3845,3904,3751,3816,23032,-0.007542262678803646
2019-07-05,3815,3987,3805,3890,14331,0.019392033542976916
2019-07-08,3884,3923,3594,3643,26117,-0.06349614395886893
2019-07-09,3643,3717,3584,3589,28930,-0.014822948119681545
2019-07-10,3589,3633,3544,3545,6444,-0.012259682362775193
2019-07-11,3544,3845,3446,3633,31520,0.024823695345557173
2019-07-12,3633,3702,3603,3604,10644,-0.007982383704927098
2019-07-15,3618,4357,3618,4072,748592,0.1298557158712541
2019-07-16,4170,4199,3919,3958,118825,-0.027996070726915567
2019-07-17,3938,4480,3889,4013,373424,0.013895907023749432
2019-07-18,4071,4312,4012,4274,83965,0.06503862447047104
2019-07-19,4273,4362,4175,4200,39829,-0.017313991576977106
2019-07-22,4199,4199,3997,4160,70142,-0.00952380952380949
2019-07-23,4160,4170,4017,4086,29489,-0.017788461538461586
2019-07-24,4086,4209,3938,3944,32564,-0.03475281448849732
2019-07-25,3938,3938,3702,3786,22711,-0.040060851926977725
2019-07-26,3697,3840,3594,3698,27075,-0.02324352879028002
2019-07-29,3658,3682,3461,3486,34419,-0.05732828555976199
2019-07-30,3367,3608,3367,3560,11998,0.021227768215720033
2019-07-31,3559,4175,3559,3904,184483,0.09662921348314613
2019-08-01,3864,4115,3864,4067,93082,0.04175204918032782
2019-08-02,4066,4165,3948,4032,30110,-0.008605851979345935
2019-08-05,3933,4012,3594,3594,39889,-0.10863095238095233
2019-08-06,3402,3741,3377,3481,34702,-0.03144129104062321
2019-08-07,3407,3667,3407,3589,22757,0.031025567365699613
2019-08-08,3589,3786,3584,3604,21538,0.004179437169127942
2019-08-09,3500,3776,3500,3604,21238,0.0
2019-08-12,3554,3741,3446,3540,27327,-0.017758046614872347
2019-08-13,3520,3978,3377,3885,141827,0.09745762711864403
2019-08-14,3869,4081,3815,4077,41994,0.049420849420849455
2019-08-16,4066,4224,3963,4160,41379,0.02035810645082159
2019-08-19,4160,4293,4160,4219,53963,0.014182692307692202
2019-08-20,4293,4480,4229,4480,122372,0.06186300071106898
2019-08-21,4475,4529,4283,4313,54247,-0.03727678571428572
2019-08-22,4352,4672,4283,4643,147078,0.07651286807326696
2019-08-23,4559,4721,4509,4658,68419,0.003230669825543764
2019-08-26,4485,4756,4465,4608,31368,-0.010734220695577501
2019-08-27,4608,4726,4509,4579,27860,-0.00629340277777779
2019-08-28,4509,4692,4421,4421,148023,-0.03450535051321246
2019-08-29,4450,4756,4376,4756,78239,0.07577471160370952
2019-08-30,4756,5297,4726,5179,648113,0.08894028595458359
2019-09-02,5140,5376,5100,5278,256531,0.01911565939370541
2019-09-03,5287,5396,4529,4884,277876,-0.0746494884425919
2019-09-04,4785,5051,4431,5051,200352,0.03419328419328416
2019-09-05,5110,5110,4790,4805,91754,-0.04870322708374575
2019-09-06,4756,5051,4706,4795,76074,-0.002081165452653466
2019-09-09,4751,5711,4751,5544,802863,0.1562043795620438
2019-09-10,5474,5543,4500,4530,820631,-0.1829004329004329
2019-09-11,4529,5455,4529,4963,506672,0.09558498896247247
2019-09-16,4962,5268,4918,4983,142635,0.004029820672980078
2019-09-17,4982,5179,4829,5150,79014,0.03351394742123226
2019-09-18,5071,5208,4933,5002,42431,-0.028737864077669872
2019-09-19,4952,5218,4923,5061,71057,0.011795281887245102
2019-09-20,4992,6390,4923,6056,1951960,0.1966014621616281
2019-09-23,6469,7345,6430,7090,2467400,0.17073976221928655
2019-09-24,6912,7463,6469,7021,949457,-0.009732016925246834
2019-09-25,6873,7355,5189,5317,1460571,-0.2427004700185159
2019-09-26,5563,6764,5258,6036,3138030,0.13522663155914993
2019-09-27,5927,6390,5405,5563,599866,-0.07836315440689201
2019-09-30,5327,5494,4632,5032,752363,-0.09545209419378031
2019-10-01,5002,5405,4726,5042,982043,0.001987281399046026
2019-10-02,4992,5711,4805,4874,1302257,-0.03332011106703692
2019-10-04,4903,4923,4687,4697,227822,-0.03631514156750104
2019-10-07,4770,4770,4312,4441,373315,-0.05450287417500532
2019-10-08,4514,4578,4332,4446,134424,0.0011258725512270917
2019-10-10,4347,4593,4332,4461,162828,0.003373819163292824
2019-10-11,4460,4677,4332,4559,135131,0.021968168572068958
2019-10-14,4578,4608,4357,4392,204351,-0.03663084009651241
2019-10-15,4421,4421,4184,4234,238666,-0.03597449908925321
2019-10-16,4244,4480,4111,4195,401959,-0.009211147850732182
2019-10-17,4204,4509,4170,4470,336375,0.06555423122765203
2019-10-18,4465,4539,4406,4539,133601,0.01543624161073831
2019-10-21,4608,4628,4411,4589,215396,0.011015642211940957
2019-10-22,4588,4701,4421,4461,160982,-0.02789278709958598
2019-10-23,4455,4455,4037,4175,262066,-0.06411118583277287
2019-10-24,4209,4362,4130,4244,150377,0.01652694610778438
2019-10-25,4253,4500,4234,4411,147159,0.03934967012252599
2019-10-28,4460,4657,4426,4574,116355,0.03695307186579
2019-10-29,4519,4824,4519,4815,176315,0.052689112374289415
2019-10-30,4805,4943,4657,4800,142665,-0.0031152647975077885
2019-10-31,4785,5317,4785,5012,531254,0.04416666666666669
2019-11-01,4972,5760,4972,5623,961024,0.12190742218675177
2019-11-04,5593,5593,5041,5209,573157,-0.07362617819669215
2019-11-05,5199,5248,4864,4992,263302,-0.04165866769053561
2019-11-06,4992,5100,4746,4761,183382,-0.046274038461538436
2019-11-07,4760,4869,4568,4628,146605,-0.02793530770846464
2019-11-08,4672,5012,4637,4983,188515,0.07670700086430426
2019-11-11,4982,5287,4795,5042,482007,0.011840256873369537
2019-11-12,5051,5169,4884,5150,159486,0.02142007140023794
2019-11-13,5120,5277,4923,5022,280044,-0.02485436893203885
2019-11-14,5031,5415,5021,5317,429799,0.05874153723616082
2019-11-15,5297,5425,5159,5317,171490,0.0
2019-11-18,5317,5346,4834,5051,254481,-0.05002821139740454
2019-11-19,5051,5455,4815,5386,350803,0.06632350029697087
2019-11-20,5179,5287,4933,4992,282076,-0.07315261789825478
2019-11-21,4962,5071,4864,4923,94493,-0.013822115384615419
2019-11-22,4923,5169,4790,5012,154806,0.018078407475116798
2019-11-25,5012,5268,4992,5189,166268,0.03531524341580217
2019-11-26,5189,5248,5012,5189,88879,0.0
2019-11-27,5159,5337,5110,5229,84778,0.007708614376565892
2019-11-28,5140,5218,4992,5051,60041,-0.03404092560719063
2019-11-29,5002,5100,4933,5032,82287,-0.0037616313601267493
2019-12-02,5031,5159,4829,4884,85456,-0.02941176470588236
2019-12-03,4888,5051,4790,5012,55421,0.026208026208026203
2019-12-04,4992,5012,4864,4983,38561,-0.005786113328012821
2019-12-05,4992,5061,4726,4830,71617,-0.030704394942805524
2019-12-06,4805,4874,4445,4534,85851,-0.061283643892339534
2019-12-09,4677,4716,4406,4559,63846,0.005513895015438974
2019-12-10,4559,4598,4332,4431,107078,-0.028076332529063386
2019-12-11,4470,4470,4234,4328,71671,-0.02324531708417965
2019-12-12,4327,4450,4248,4372,77892,0.010166358595194103
2019-12-13,4470,4470,4145,4244,87769,-0.029277218664226945
2019-12-16,4244,4244,4135,4180,29236,-0.015080113100848225
2019-12-17,0,0,0,4180,0,0.0
2019-12-18,0,0,0,4180,0,0.0
2019-12-19,0,0,0,4180,0,0.0
2019-12-20,0,0,0,4180,0,0.0
2019-12-23,0,0,0,4180,0,0.0
2019-12-24,0,0,0,4180,0,0.0
2019-12-26,0,0,0,4180,0,0.0
2019-12-27,0,0,0,4180,0,0.0
2019-12-30,0,0,0,4180,0,0.0
2020-01-02,0,0,0,4180,0,0.0
2020-01-03,0,0,0,4180,0,0.0
2020-01-06,0,0,0,4180,0,0.0
2020-01-07,0,0,0,4180,0,0.0
2020-01-08,0,0,0,4180,0,0.0
2020-01-09,0,0,0,4180,0,0.0
2020-01-10,0,0,0,4180,0,0.0
2020-01-13,0,0,0,4180,0,0.0
2020-01-14,0,0,0,4180,0,0.0
2020-01-15,0,0,0,4180,0,0.0
2020-01-16,0,0,0,4180,0,0.0
2020-01-17,0,0,0,4180,0,0.0
2020-01-20,0,0,0,4180,0,0.0
2020-01-21,0,0,0,4180,0,0.0
2020-01-22,0,0,0,4180,0,0.0
2020-01-23,0,0,0,4180,0,0.0
2020-01-28,0,0,0,4180,0,0.0
2020-01-29,0,0,0,4180,0,0.0
2020-01-30,0,0,0,4180,0,0.0
2020-01-31,0,0,0,4180,0,0.0
2020-02-03,4180,5430,3900,5430,1682569,0.299043062200957
2020-02-04,5850,6300,5500,6000,3110049,0.1049723756906078
2020-02-05,5850,6250,5650,6100,538651,0.016666666666666607
2020-02-06,5970,6430,5890,6190,242504,0.014754098360655776
2020-02-07,6330,6900,6000,6700,476758,0.08239095315024225
2020-02-10,7300,7350,6180,6180,321531,-0.07761194029850749
2020-02-11,6230,6230,5730,5900,135522,-0.04530744336569581
2020-02-12,5920,5940,5610,5690,112163,-0.035593220338983045
2020-02-13,5700,7320,5200,6900,1360935,0.21265377855887513
2020-02-14,6700,6800,6230,6400,355729,-0.07246376811594202
2020-02-17,6330,6780,6090,6500,177658,0.015625
2020-02-18,6340,6740,6340,6660,67026,0.024615384615384706
2020-02-19,6670,7250,6480,7010,330169,0.052552552552552534
2020-02-20,7000,7000,6120,6290,163241,-0.10271041369472178
2020-02-21,5950,6400,5940,6200,74475,-0.014308426073131986
2020-02-24,5900,6620,5810,6400,140948,0.032258064516129004
2020-02-25,6400,6660,6200,6630,61331,0.035937499999999956
2020-02-26,6620,7500,6480,7290,484628,0.09954751131221728
2020-02-27,7290,7390,6860,7290,105953,0.0
2020-02-28,7100,7200,6760,6990,86501,-0.04115226337448563
2020-03-02,6880,7250,6600,7250,46522,0.03719599427753928
2020-03-03,7390,7440,7080,7080,30538,-0.02344827586206899
2020-03-04,6950,7170,6830,7070,42856,-0.0014124293785310327
2020-03-05,7070,7200,6790,6880,68412,-0.026874115983026914
2020-03-06,6860,7100,6500,6600,38387,-0.04069767441860461
2020-03-09,6590,6690,5940,6280,73247,-0.048484848484848464
2020-03-10,6200,6300,5870,6130,48189,-0.023885350318471388
2020-03-11,6130,6150,5810,5990,29785,-0.022838499184339334
2020-03-12,5920,6080,5460,5780,43126,-0.035058430717863076
2020-03-13,5680,5680,4390,4915,92162,-0.14965397923875434
2020-03-16,4995,5150,4600,4665,78770,-0.05086469989827058
2020-03-17,4370,5100,4290,4970,62933,0.06538049303322624
2020-03-18,4970,5240,4690,4800,16050,-0.03420523138832998
2020-03-19,5070,5080,3715,3950,49709,-0.17708333333333337
2020-03-20,3750,4180,3660,4060,82992,0.02784810126582271
2020-03-23,3700,4040,3505,3705,26935,-0.08743842364532017
2020-03-24,4050,4050,3660,3900,19793,0.05263157894736836
2020-03-25,4100,4285,3935,4210,38882,0.07948717948717943
2020-03-26,4215,4390,4000,4220,28791,0.002375296912114022
2020-03-27,4200,4475,4010,4210,30554,-0.0023696682464454666
2020-03-30,4210,4540,4125,4485,25532,0.0653206650831355
2020-03-31,4400,4725,4400,4670,47258,0.04124860646599782
2020-04-01,4700,4850,4515,4600,32020,-0.01498929336188437
2020-04-02,4600,4770,4505,4770,8562,0.03695652173913033
2020-04-03,4800,4805,4420,4750,12216,-0.004192872117400381
2020-04-06,4750,4890,4505,4760,34872,0.002105263157894832
2020-04-07,0,0,0,4760,0,0.0
2020-04-08,5200,5200,4505,4805,64167,0.009453781512605008
2020-04-09,6180,6180,4970,5150,157915,0.0718002081165452
2020-04-10,5300,5300,4700,5170,31296,0.003883495145631022
2020-04-13,5200,5490,4890,5140,40466,-0.005802707930367523
2020-04-14,5180,5180,4960,5140,12841,0.0
2020-04-16,5140,5290,4945,5040,19753,-0.01945525291828798
2020-04-17,5040,5180,4985,5100,28003,0.011904761904761862
2020-04-20,5100,5390,5030,5040,12811,-0.0117647058823529
2020-04-21,5060,5120,4630,4990,14506,-0.009920634920634885
2020-04-22,4790,5000,4760,4990,6441,0.0
2020-04-23,5000,5100,4905,4940,7327,-0.01002004008016033
2020-04-24,4940,5340,4940,4990,21383,0.010121457489878471
2020-04-27,4990,5200,4910,4990,19547,0.0
2020-04-28,4995,5290,4820,4950,26057,-0.008016032064128265
2020-04-29,4950,4995,4790,4825,18218,-0.025252525252525304
2020-05-04,4825,4825,4685,4815,15559,-0.002072538860103612
2020-05-06,4785,5090,4775,4875,14985,0.012461059190031154
2020-05-07,4885,5150,4850,4990,26266,0.02358974358974364
2020-05-08,5010,5180,4970,5070,32279,0.01603206412825653
2020-05-11,5070,5240,5030,5170,24571,0.019723865877712132
2020-05-12,5170,5310,5030,5190,18536,0.003868471953578423
2020-05-13,5180,5190,5050,5190,7438,0.0
2020-05-14,5190,5230,5000,5020,12835,-0.032755298651252374
2020-05-15,5000,5140,4965,5060,14253,0.007968127490039834
2020-05-18,5010,5040,4785,4970,8208,-0.017786561264822143
2020-05-19,4970,5040,4950,4995,7888,0.005030181086519203
2020-05-20,4995,5100,4945,5100,11420,0.021021021021021102
2020-05-21,5090,5090,4970,5040,14540,-0.0117647058823529
2020-05-22,5030,5030,4925,4925,9097,-0.022817460317460347
2020-05-25,4925,5150,4925,5150,10391,0.045685279187817285
2020-05-26,5160,5280,5030,5140,12270,-0.001941747572815511
2020-05-27,5130,5260,5010,5080,32906,-0.011673151750972721
2020-05-28,5080,5140,4970,5100,17741,0.003937007874015741
2020-05-29,5040,6050,5000,5260,156171,0.031372549019607954
2020-06-01,5260,5600,5260,5360,34412,0.019011406844106515
2020-06-02,5360,5550,5260,5400,22220,0.00746268656716409
2020-06-03,5400,5510,5220,5300,17200,-0.01851851851851849
2020-06-04,5300,5440,5240,5400,23265,0.018867924528301883
2020-06-05,5390,5470,5260,5310,17976,-0.01666666666666672
2020-06-08,5300,5350,5110,5250,21227,-0.011299435028248594
2020-06-09,5260,5350,5150,5150,13136,-0.01904761904761909
2020-06-10,5170,5260,5070,5080,13903,-0.013592233009708687
2020-06-11,5070,5070,4985,5020,14568,-0.011811023622047223
2020-06-12,4715,5000,4700,5000,8672,-0.003984063745019917
2020-06-15,4900,4935,4510,4510,16855,-0.09799999999999998
2020-06-16,4510,5050,4435,4800,20495,0.06430155210643007
2020-06-17,4750,5030,4650,4755,10596,-0.009375000000000022
2020-06-18,4755,4815,4650,4765,5033,0.002103049421661396
2020-06-19,4750,4990,4680,4990,9152,0.047219307450157455
2020-06-22,4980,4980,4810,4870,5786,-0.024048096192384794
2020-06-23,4870,4915,4740,4750,5982,-0.024640657084188944
2020-06-24,4750,4900,4655,4850,7233,0.021052631578947434
2020-06-25,4845,4845,4505,4820,5836,-0.006185567010309256
2020-06-26,4760,4900,4705,4720,5606,-0.020746887966805017
2020-06-29,4700,4725,4625,4725,2461,0.0010593220338983578
2020-06-30,4665,4725,4625,4655,4850,-0.014814814814814836
2020-07-01,4625,4645,4500,4515,7985,-0.03007518796992481
2020-07-02,4485,4740,4485,4740,5983,0.04983388704318936
2020-07-03,4740,4795,4670,4755,1724,0.0031645569620253333
2020-07-06,4760,4785,4670,4725,2820,-0.006309148264984188
2020-07-07,4720,4720,4645,4690,7731,-0.007407407407407418
2020-07-08,4650,4770,4615,4760,5180,0.014925373134328401
2020-07-09,4760,4780,4670,4780,6201,0.004201680672268893
2020-07-10,4780,4780,4685,4685,3652,-0.01987447698744771
2020-07-13,4685,4750,4610,4740,2678,0.011739594450373536
2020-07-14,4680,4740,4505,4610,14723,-0.02742616033755274
2020-07-15,4600,4810,4530,4725,7936,0.024945770065075923
2020-07-16,4670,4725,4640,4700,6789,-0.005291005291005346
2020-07-17,4630,4705,4600,4600,11821,-0.021276595744680882
2020-07-20,4600,4695,4555,4695,4188,0.020652173913043415
2020-07-21,4695,4695,4600,4600,8625,-0.020234291799786974
2020-07-22,4600,4625,4525,4600,12568,0.0
2020-07-23,4555,4595,4525,4535,4977,-0.01413043478260867
2020-07-24,4590,4710,4515,4585,7127,0.011025358324145529
2020-07-27,4540,4570,4515,4520,7091,-0.014176663031624903
2020-07-28,4520,4560,4455,4470,21349,-0.011061946902654829
2020-07-29,4400,4465,4395,4395,9159,-0.016778523489932917
2020-07-30,4350,4435,4260,4390,17055,-0.0011376564277588708
2020-07-31,4390,4450,4330,4400,13843,0.002277904328018332
2020-08-03,4400,4400,4215,4350,12240,-0.011363636363636354
2020-08-04,4295,5250,4150,4650,65701,0.06896551724137923
2020-08-05,4650,4650,4475,4535,10081,-0.02473118279569897
2020-08-06,4535,4535,4410,4480,6396,-0.012127894156560126
2020-08-07,4475,4620,4430,4505,8595,0.005580357142857206
2020-08-10,4505,4505,4400,4470,11066,-0.007769145394006638
2020-08-11,4470,4560,4465,4535,14529,0.014541387024608499
2020-08-12,4765,4800,4410,4460,31904,-0.016538037486218293
2020-08-13,4420,4505,4420,4435,8068,-0.005605381165919243
2020-08-14,4430,4465,4415,4415,8807,-0.00450958286358516
2020-08-18,4315,4405,4225,4340,15735,-0.016987542468856143
2020-08-19,4275,4335,4210,4245,15401,-0.02188940092165903
2020-08-20,4245,4250,4005,4005,14353,-0.05653710247349819
2020-08-21,4005,4175,3955,4035,11732,0.0074906367041198685
2020-08-24,4035,4160,4005,4050,8666,0.0037174721189590088
2020-08-25,4060,4300,4060,4200,8040,0.03703703703703698
2020-08-26,4350,4395,4225,4395,19847,0.046428571428571486
2020-08-27,4490,4490,4260,4400,11838,0.0011376564277587597
2020-08-28,4400,4595,4335,4485,16007,0.01931818181818179
2020-08-31,4490,4620,4330,4530,10315,0.010033444816053505
2020-09-01,4450,4550,4355,4545,13151,0.0033112582781456013
2020-09-02,4545,4665,4385,4575,23873,0.0066006600660066805
2020-09-03,4570,4580,4460,4540,10961,-0.007650273224043769
2020-09-04,4520,4800,4420,4680,10911,0.03083700440528636
2020-09-07,4665,4720,4535,4700,23760,0.004273504273504258
2020-09-08,4700,4700,4585,4645,6804,-0.011702127659574457
2020-09-09,4645,4645,4525,4640,3525,-0.0010764262648008671
2020-09-10,4630,4640,4520,4545,6540,-0.020474137931034475
2020-09-11,4545,4660,4510,4650,5626,0.02310231023102305
2020-09-14,4635,4750,4610,4730,3601,0.017204301075268713
2020-09-15,4730,4750,4695,4735,4323,0.0010570824524311906
2020-09-16,4735,4740,4650,4740,8427,0.001055966209081216
2020-09-17,4740,4850,4660,4685,5288,-0.011603375527426185
2020-09-18,4685,4685,4520,4555,4396,-0.02774813233724649
2020-09-21,4555,4555,4405,4525,10958,-0.00658616904500553
2020-09-22,4515,4515,4215,4320,7856,-0.045303867403314935
2020-09-23,4320,4365,4270,4320,5407,0.0
2020-09-24,4320,4375,4275,4275,2361,-0.01041666666666663
2020-09-25,4275,4325,4270,4270,1633,-0.0011695906432748204
2020-09-28,4270,4480,4270,4370,1863,0.023419203747072626
2020-09-29,4370,4585,4370,4500,5537,0.029748283752860427
2020-10-05,4500,4540,4495,4500,2653,0.0
2020-10-06,4515,4525,4450,4500,7716,0.0
2020-10-07,4500,4610,4490,4490,4587,-0.0022222222222222365
2020-10-08,4530,4545,4490,4490,5544,0.0
2020-10-12,4530,4800,4505,4540,17896,0.011135857461024523
2020-10-13,4540,4630,4500,4575,11709,0.007709251101321479
2020-10-14,4575,4620,4500,4545,14946,-0.006557377049180357
2020-10-15,4535,4545,4420,4515,12198,-0.0066006600660065695
2020-10-16,4495,4525,4320,4450,11470,-0.01439645625692132
2020-10-19,4445,4460,4365,4365,8339,-0.019101123595505642
2020-10-20,4485,4770,4360,4500,52448,0.030927835051546282
2020-10-21,4515,4520,4415,4495,12569,-0.0011111111111110628
2020-10-22,4450,4520,4420,4500,8152,0.0011123470522802492
2020-10-23,4480,4495,4350,4370,9954,-0.028888888888888853
2020-10-26,4370,4500,4330,4400,1772,0.006864988558352492
2020-10-27,4400,4540,4220,4235,13779,-0.03749999999999998
2020-10-28,4235,4390,4235,4355,1479,0.02833530106257376
2020-10-29,4355,4540,4250,4295,6264,-0.013777267508610747
2020-10-30,4440,4440,4260,4260,2520,-0.008149010477299212
2020-11-02,4260,4320,4115,4275,6408,0.0035211267605634866
2020-11-03,4275,4400,4275,4280,2724,0.0011695906432749315
2020-11-04,4280,4300,4215,4260,10855,-0.004672897196261627
2020-11-05,4260,4280,4225,4255,20779,-0.0011737089201877549
2020-11-06,4255,4325,4210,4290,5615,0.008225616921269108
2020-11-09,4320,4440,4270,4320,16433,0.006993006993007089
2020-11-10,4320,4370,4290,4295,2270,-0.0057870370370370905
2020-11-11,4295,4455,4205,4270,6740,-0.005820721769499437
2020-11-12,4270,4270,4215,4270,5558,0.0
2020-11-13,4270,4400,4265,4265,2078,-0.0011709601873536313
2020-11-16,4285,4310,4220,4235,7588,-0.007033997655334079
2020-11-17,4305,4305,4200,4235,12616,0.0
2020-11-18,4235,4385,4195,4300,11292,0.015348288075560879
2020-11-19,4255,4345,4255,4300,3778,0.0
2020-11-20,4300,4385,4250,4310,5594,0.0023255813953488857
2020-11-23,4310,4425,4250,4345,19600,0.008120649651972123
2020-11-24,4365,4365,4305,4365,19511,0.004602991944764101
2020-11-25,4440,4440,4265,4270,6529,-0.021764032073310458
2020-11-26,4270,4325,4250,4295,4833,0.005854800936768045
2020-11-27,4295,4720,4265,4435,22610,0.03259604190919685
2020-11-30,4435,4535,4435,4470,16085,0.007891770011273946
2020-12-01,4470,5150,4460,4640,101375,0.03803131991051445
2020-12-02,4685,5060,4590,5050,40760,0.08836206896551735
2020-12-03,5050,5420,4835,5020,68454,-0.005940594059405946
2020-12-04,5020,5090,4925,4930,25523,-0.017928286852589626
2020-12-07,4920,5020,4650,4650,13515,-0.05679513184584184
2020-12-08,4700,4775,4590,4705,28017,0.011827956989247213
2020-12-09,4705,4730,4615,4730,23182,0.005313496280552554
2020-12-10,4730,5000,4700,5000,16051,0.05708245243128962
2020-12-11,5000,5010,4900,4935,6395,-0.013000000000000012
2020-12-14,4870,4895,4805,4855,3207,-0.016210739614994973
2020-12-15,4800,4850,4715,4785,11668,-0.01441812564366629
2020-12-16,4950,5130,4740,4750,15659,-0.007314524555903867
2020-12-17,4705,5490,4695,4900,58246,0.03157894736842115
2020-12-18,4900,5000,4840,4970,8302,0.014285714285714235
2020-12-21,4970,5000,4840,4890,8419,-0.01609657947686116
2020-12-22,4890,4890,4750,4810,6533,-0.01635991820040905
2020-12-23,4810,5000,4670,4980,21207,0.03534303534303529
2020-12-24,4980,5230,4930,5230,69083,0.050200803212851364
2020-12-28,5230,5450,5170,5270,43609,0.007648183556405286
2020-12-29,5330,5840,5200,5560,121929,0.05502846299810238
2020-12-30,5620,5740,5420,5490,79162,-0.01258992805755399
2021-01-04,5490,5840,5390,5400,18456,-0.016393442622950838
2021-01-05,5500,5650,5270,5500,23749,0.0185185185185186
2021-01-06,5490,5500,5270,5490,16017,-0.0018181818181818299
2021-01-07,5450,5660,5350,5640,26287,0.02732240437158473
2021-01-08,5640,5840,5480,5690,19537,0.00886524822695045
2021-01-11,5670,5790,5520,5720,37173,0.005272407732864748
2021-01-12,5660,5760,5500,5680,23410,-0.006993006993006978
2021-01-13,5650,5700,5530,5650,15698,-0.005281690140845119
2021-01-14,5650,5710,5540,5620,6906,-0.005309734513274322
2021-01-15,5680,6090,5500,5920,61038,0.053380782918149405
2021-01-18,5920,7410,5920,6400,259602,0.08108108108108114
2021-01-19,6330,6700,6030,6270,79097,-0.020312499999999956
2021-01-20,6300,6510,6170,6210,15829,-0.009569377990430672
2021-01-21,6310,6970,6170,6690,71141,0.07729468599033806
2021-01-22,6690,7000,6390,6620,49607,-0.010463378176382654
2021-01-25,6800,6860,6500,6580,16618,-0.0060422960725075026
2021-01-26,6580,7730,6550,7010,225661,0.06534954407294835
2021-01-27,7010,7010,6460,6570,78939,-0.06276747503566338
2021-01-28,6500,6600,6200,6600,31143,0.004566210045662045
2021-01-29,6820,7240,6230,6620,82842,0.003030303030302939
2021-02-01,6620,6620,6330,6580,18354,-0.0060422960725075026
2021-02-02,6570,6850,6460,6530,19207,-0.0075987841945288626
2021-02-03,6560,7400,6400,7060,108047,0.0811638591117918
2021-02-04,7060,7370,6920,7190,31863,0.018413597733710985
2021-02-05,7150,7240,7020,7200,15696,0.0013908205841446364
2021-02-08,7400,7400,6920,6980,21493,-0.030555555555555558
2021-02-09,6940,6940,6690,6690,9788,-0.04154727793696278
2021-02-10,6690,6900,6510,6900,11109,0.03139013452914807
2021-02-15,6900,7170,6890,7170,12744,0.03913043478260869
2021-02-16,7400,7440,7200,7440,16028,0.03765690376569042
2021-02-17,7440,7730,7390,7510,13763,0.009408602150537737
2021-02-18,7520,7750,7110,7750,23642,0.031957390146471365
2021-02-19,7750,7750,7220,7520,36306,-0.029677419354838697
2021-02-22,7520,7650,7220,7400,29826,-0.015957446808510634
2021-02-23,7400,7410,7110,7410,11384,0.0013513513513514486
2021-02-24,7340,7340,6960,6960,16118,-0.06072874493927127
2021-02-25,6960,7180,6830,6940,8738,-0.002873563218390829
2021-02-26,6930,6930,6430,6720,24344,-0.03170028818443804
2021-03-02,6750,6940,6180,6300,38526,-0.0625
2021-03-03,6290,7100,6110,6390,57090,0.014285714285714235
2021-03-04,6450,6450,6310,6390,10095,0.0
2021-03-05,6390,6620,6220,6520,10241,0.020344287949921824
2021-03-08,6460,6970,6300,6450,31183,-0.010736196319018454
2021-03-09,6440,6450,5850,6270,53042,-0.027906976744186074
2021-03-10,6240,6370,6180,6260,5492,-0.0015948963317384823
2021-03-11,6270,6740,6260,6360,4799,0.015974440894568787
2021-03-12,6480,6670,6270,6360,6677,0.0
2021-03-15,6370,6570,6330,6540,5514,0.028301886792452935
2021-03-16,6540,6650,6330,6650,12980,0.01681957186544336
2021-03-17,6650,6780,6450,6720,3690,0.010526315789473717
2021-03-18,6720,6790,6590,6690,5683,-0.004464285714285698
2021-03-19,6600,6670,6420,6490,4621,-0.029895366218236186
2021-03-22,6430,6710,6200,6300,22155,-0.02927580893682591
2021-03-23,6320,6320,6060,6140,10474,-0.025396825396825418
2021-03-24,6090,6200,5940,6140,13641,0.0
2021-03-25,6140,6400,6050,6100,4267,-0.006514657980456029
2021-03-26,6110,6250,6030,6190,10625,0.014754098360655776
2021-03-29,6200,6230,6030,6070,15747,-0.01938610662358642
2021-03-30,6070,6230,6030,6140,8915,0.011532125205930832
2021-03-31,6200,6340,6130,6200,15767,0.009771986970684043
2021-04-01,6200,6350,6150,6350,22883,0.024193548387096753
2021-04-02,6350,6600,6350,6600,21308,0.03937007874015741
2021-04-05,6970,6970,6600,6800,19741,0.030303030303030276
2021-04-06,6800,6990,6800,6980,14129,0.026470588235294024
2021-04-07,7030,7240,6940,7050,22520,0.01002865329512903
2021-04-08,7050,7220,6890,7080,13826,0.004255319148936065
2021-04-09,7080,7250,7040,7110,9603,0.004237288135593209
2021-04-12,7140,7150,6870,6920,10397,-0.026722925457102642
2021-04-13,6990,7100,6920,7100,15780,0.026011560693641522
2021-04-14,7180,7250,7090,7200,21492,0.014084507042253502
2021-04-15,7230,7230,6860,7020,21641,-0.025000000000000022
2021-04-16,7020,7070,6990,7060,12010,0.005698005698005604
2021-04-19,7080,7130,7020,7060,13399,0.0
2021-04-20,7090,7110,7000,7000,10108,-0.008498583569405138
2021-04-21,7000,7180,7000,7000,11189,0.0
2021-04-22,7000,7340,7000,7300,22201,0.04285714285714293
2021-04-23,7300,7410,7260,7330,15081,0.004109589041095818
2021-04-26,7340,7600,7340,7560,9188,0.03137789904502042
2021-04-27,7560,7670,7350,7450,21593,-0.014550264550264536
2021-04-28,7450,7450,7080,7140,15191,-0.041610738255033586
2021-04-29,7110,7120,6760,6790,19944,-0.0490196078431373
2021-04-30,6790,6790,6650,6700,14064,-0.013254786450662692
2021-05-03,6660,6700,6640,6660,17273,-0.005970149253731294
2021-05-04,6660,6980,6590,6980,26402,0.048048048048048075
2021-05-06,6980,8150,6980,7630,175731,0.09312320916905437
2021-05-07,7700,7790,7630,7790,41921,0.02096985583224109
2021-05-10,7820,8150,7800,8080,27073,0.037227214377406836
2021-05-11,8080,8200,8040,8200,33762,0.014851485148514865
2021-05-12,8200,8320,7820,7910,29638,-0.03536585365853662
2021-05-13,7510,7690,7330,7520,28784,-0.04930467762326174
2021-05-14,7500,7520,7400,7480,11059,-0.005319148936170248
2021-05-17,7480,7480,6970,7090,22912,-0.05213903743315507
2021-05-18,7090,7090,6750,6860,16824,-0.03244005641748937
2021-05-20,6860,6860,6580,6770,28119,-0.013119533527696792
2021-05-21,6750,6960,6740,6800,27629,0.004431314623338345
2021-05-24,6770,6800,6570,6570,15845,-0.0338235294117647
2021-05-25,6530,6620,6400,6620,23891,0.007610350076103556
2021-05-26,6650,8590,6650,7370,460034,0.1132930513595165
2021-05-27,7500,7660,7330,7330,70843,-0.005427408412483015
2021-05-28,7400,7480,7330,7400,21492,0.009549795361528002
2021-05-31,7500,7580,7360,7360,25980,-0.00540540540540535
2021-06-01,7360,7520,7280,7320,26115,-0.005434782608695676
2021-06-02,7320,7400,7030,7160,35037,-0.021857923497267784
2021-06-03,7120,7130,6990,7090,20461,-0.009776536312849138
2021-06-04,7070,7440,7040,7230,33927,0.019746121297602226
2021-06-07,7230,7490,7230,7310,18494,0.011065006915629283
2021-06-08,7310,7340,7240,7240,11453,-0.009575923392612817
2021-06-09,7240,7280,7100,7100,14657,-0.01933701657458564
2021-06-10,7090,7100,7020,7060,10987,-0.005633802816901401
2021-06-11,7060,7210,7060,7190,11133,0.018413597733710985
2021-06-14,7190,7250,7150,7190,7978,0.0
2021-06-15,7190,7190,6920,7080,15278,-0.015299026425591111
2021-06-16,7080,7080,6900,6930,13871,-0.021186440677966156
2021-06-17,6930,6940,6870,6920,6849,-0.0014430014430014682
2021-06-18,6910,6920,6830,6860,12327,-0.00867052023121384
2021-06-21,6860,6860,6770,6780,6849,-0.011661807580174877
2021-06-22,6760,7050,6760,6850,22548,0.010324483775811188
2021-06-23,6810,6920,6780,6780,8826,-0.010218978102189746
2021-06-24,6720,6770,6500,6630,20064,-0.02212389380530977
2021-06-25,6630,6770,6500,6660,16967,0.004524886877828038
2021-06-28,6660,6710,6530,6550,14732,-0.016516516516516533
2021-06-29,6550,6900,6550,6670,12328,0.018320610687022842
2021-06-30,6670,6670,6600,6600,8073,-0.010494752623688153
2021-07-01,6600,6900,6580,6770,15342,0.025757575757575868
2021-07-02,6770,7000,6770,6900,9484,0.019202363367799125
2021-07-05,6900,6900,6740,6840,11694,-0.008695652173912993
2021-07-06,6840,6900,6780,6890,11282,0.007309941520467822
2021-07-07,6890,6980,6870,6900,7489,0.0014513788098693414
2021-07-08,6900,6900,6670,6760,8954,-0.020289855072463725
2021-07-09,6720,6720,6520,6540,12690,-0.03254437869822491
2021-07-12,6540,6600,6440,6510,16909,-0.004587155963302725
2021-07-13,6520,6710,6520,6550,12109,0.006144393241167334
2021-07-14,6560,6700,6550,6600,10902,0.007633587786259444
2021-07-15,6600,6670,6600,6640,10650,0.0060606060606061
2021-07-16,6650,8620,6650,7030,1834138,0.05873493975903621
2021-07-19,7040,7120,6910,7070,125762,0.005689900426742556
2021-07-20,6970,7160,6780,6880,84140,-0.026874115983026914
2021-07-21,6850,7020,6800,6970,45073,0.013081395348837122
2021-07-22,6930,7110,6830,7080,69918,0.015781922525107683
2021-07-23,7110,7180,6980,7100,41877,0.0028248587570620654
2021-07-26,7100,7130,7010,7020,25051,-0.011267605633802802
2021-07-27,6970,7070,6920,6930,23068,-0.012820512820512775
2021-07-28,6930,6970,6830,6840,13244,-0.012987012987012991
2021-07-29,6810,7190,6750,7190,38103,0.051169590643274754
2021-07-30,7190,7600,7060,7130,63586,-0.008344923504867818
2021-08-02,7050,7090,6940,7020,23394,-0.015427769985974726
2021-08-03,7020,7400,7000,7190,67470,0.024216524216524205
2021-08-04,7210,7360,7130,7360,27760,0.02364394993045904
2021-08-05,7360,7560,7280,7360,38020,0.0
2021-08-06,7370,9560,7370,9560,2110389,0.298913043478261
2021-08-09,10400,11500,9800,9920,2915596,0.03765690376569042
2021-08-10,9820,9900,8800,8830,577740,-0.1098790322580645
2021-08-11,8920,9180,8620,8740,371198,-0.010192525481313663
2021-08-12,8740,8850,8550,8620,145132,-0.013729977116704761
2021-08-13,8620,8620,8100,8330,163038,-0.033642691415313175
2021-08-17,8270,8270,7900,7950,112649,-0.04561824729891961
2021-08-18,7830,8040,7710,7940,90562,-0.0012578616352201255
2021-08-19,7880,8040,7360,7360,124951,-0.07304785894206545
2021-08-20,7360,7490,7040,7390,100118,0.0040760869565217295
2021-08-23,7420,7660,7280,7620,90450,0.0311231393775373
2021-08-24,7690,8000,7670,7800,74282,0.023622047244094446
2021-08-25,7870,8110,7800,7880,54965,0.01025641025641022
2021-08-26,8040,8190,7880,8090,58640,0.026649746192893398
2021-08-27,8090,8170,7930,8160,50997,0.008652657601977642
2021-08-30,8160,8200,7950,8060,54108,-0.01225490196078427
2021-08-31,8060,8060,7740,7870,51705,-0.023573200992555776
2021-09-01,8060,8200,7840,8160,73246,0.03684879288437104
2021-09-02,8160,8200,7990,8160,28066,0.0
2021-09-03,8160,8230,8000,8000,27562,-0.019607843137254943
2021-09-06,8080,8250,8060,8060,34736,0.007500000000000062
2021-09-07,8100,8190,7800,8090,29716,0.003722084367245637
2021-09-08,8090,8130,7910,8000,21263,-0.011124845488257096
2021-09-09,8000,8100,7840,7850,34720,-0.018750000000000044
2021-09-10,7850,8630,7850,8330,172365,0.06114649681528661
2021-09-13,8400,8500,8240,8240,57769,-0.010804321728691502
2021-09-14,8240,9400,8190,8890,520668,0.07888349514563098
2021-09-15,8990,8990,8530,8570,99771,-0.03599550056242973
2021-09-16,8570,8590,8210,8250,43667,-0.037339556592765444
2021-09-17,8250,8550,8150,8300,40207,0.0060606060606061
2021-09-23,8300,8430,7780,7780,50475,-0.0626506024096386
2021-09-24,7700,7970,7660,7750,52684,-0.003856041131105381
2021-09-27,7780,8080,7640,8080,59115,0.04258064516129023
2021-09-28,8080,8150,7750,7830,25965,-0.030940594059405968
2021-09-29,7800,7850,7460,7840,33617,0.0012771392081736277
2021-09-30,7720,7760,7650,7650,18837,-0.02423469387755106
2021-10-01,7680,7690,7100,7310,45159,-0.0444444444444444
